Nhận xét đánh giá,Cảm xúc
Món bánh mì này ngon quá!,không liên quan
Tôi yêu màu xanh dương.,không liên quan
Mèo là loài động vật tuyệt vời.,không liên quan
Cuộc sống thật kỳ diệu.,không liên quan
Tôi không biết nói tiếng Pháp.,không liên quan
Biển cả là một nguồn tài nguyên vô giá.,không liên quan
Tôi ghét cà phê.,không liên quan
Ngày mai trời sẽ mưa.,không liên quan
Tôi muốn đi du lịch đến châu Âu.,không liên quan
Tôi yêu công việc của mình.,không liên quan
Có một con thỏ màu tím đang ăn một chiếc bánh kem.,không liên quan
Con chó của tôi biết cách chơi bài.,không liên quan
Tôi có một chiếc ô tô bay.,không liên quan
Tôi vừa trúng giải xổ số.,không liên quan
Tôi đang ở trên sao Hỏa.,không liên quan
Tôi đang nói chuyện với một con khỉ.,không liên quan
Tôi đang ăn một con ếch.,không liên quan
Tôi đang bơi trong một hồ nước đầy sô cô la.,không liên quan
Tôi đang chơi trò chơi điện tử với một con khủng long.,không liên quan
Tôi đang ở trong một thế giới mơ.,không liên quan
Mặt trăng đang cười với tôi.,không liên quan
Cây cối đang hát một bài hát.,không liên quan
Cá heo đang bay trên bầu trời.,không liên quan
Thời gian đã ngừng trôi.,không liên quan
Thế giới đang đảo ngược.,không liên quan
Mọi người đang nói tiếng Esperanto.,không liên quan
Mọi thứ đều được làm bằng kẹo.,không liên quan
Tất cả mọi người đều là anh em.,không liên quan
Cuộc sống là một trò chơi.,không liên quan
Tất cả chúng ta đều là một.,không liên quan
Có một con thỏ màu xanh lá cây đang ăn một chiếc bánh pizza.,không liên quan
Con chó của tôi biết cách chơi piano.,không liên quan
Tôi có một chiếc máy bay thời gian.,không liên quan
Tôi vừa trúng giải Nobel.,không liên quan
Tôi đang ở trong một thế giới song song.,không liên quan
Tôi đang nói chuyện với một con rồng.,không liên quan
Tôi đang ăn một con cá mập.,không liên quan
Tôi đang bơi trong một hồ nước đầy kem.,không liên quan
Tôi đang chơi trò chơi điện tử với một chú hề.,không liên quan
Tôi đang ở trong một giấc mơ ác mộng.,không liên quan
Mặt trời đang khóc.,không liên quan
Cây cối đang nói chuyện với nhau.,không liên quan
Cá heo đang lái ô tô.,không liên quan
Thời gian đang chạy ngược.,không liên quan
Thế giới đang bị xâm chiếm bởi người ngoài hành tinh.,không liên quan
Mọi người đang nói tiếng Klingon.,không liên quan
Mọi thứ đều được làm bằng phô mai.,không liên quan
Tất cả mọi người đều là chị em.,không liên quan
Cuộc sống là một trò chơi điện tử.,không liên quan
Tất cả chúng ta đều là robot.,không liên quan
Có một con thỏ màu vàng đang ăn một chiếc bánh doughnut.,không liên quan
Con chó của tôi biết cách chơi bóng.,không liên quan
Tôi có một chiếc tàu vũ trụ.,không liên quan
Tôi vừa trúng giải Oscar.,không liên quan
Tôi đang ở trong một thế giới thần tiên.,không liên quan
Tôi đang nói chuyện với một nàng tiên.,không liên quan
Tôi đang ăn một con ngựa.,không liên quan
Tôi đang bơi trong một hồ nước đầy đá quý.,không liên quan
Tôi đang chơi trò chơi điện tử với một con robot.,không liên quan
Tôi đang ở trong một thế giới mơ đẹp.,không liên quan
Mặt trăng đang cười khúc khích.,không liên quan
Cây cối đang nhảy múa.,không liên quan
Cá heo đang bay trên mặt trăng.,không liên quan
Thời gian đang dừng lại.,không liên quan
Thế giới đang bị thống trị bởi loài mèo.,không liên quan
Mọi người đang nói tiếng Elvish.,không liên quan
Mọi thứ đều được làm bằng chocolate.,không liên quan
Tất cả mọi người đều là bạn bè.,không liên quan
Cuộc sống là một chuyến đi.,không liên quan
Tất cả chúng ta đều là một phần của vũ trụ.,không liên quan
Có một con thỏ màu cam đang ăn một chiếc bánh mì kẹp thịt.,không liên quan
Con chó của tôi biết cách chơi guitar.,không liên quan
Tôi có một chiếc máy bay không người lái.,không liên quan
Tôi vừa trúng giải Grammy.,không liên quan
Tôi đang ở trong một thế giới kỳ diệu.,không liên quan
Tôi đang nói chuyện với một con hổ.,không liên quan
Tôi đang ăn một con cá voi.,không liên quan
Tôi đang bơi trong một hồ nước đầy kim cương.,không liên quan
Tôi đang chơi trò chơi điện tử với một con quái vật.,không liên quan
Tôi đang ở trong một thế giới mơ thực tế.,không liên quan
"Có một con thỏ màu tím đang ăn một chiếc bánh kem, nhưng nó không phải là bánh kem. Đó là một chiếc bánh kem của riêng tôi, và tôi đã dành cả ngày để làm nó.",không liên quan
"Con chó của tôi biết cách chơi bài, nhưng nó không phải là bài. Đó là những lá bài của tôi, và tôi đã đánh mất chúng.",không liên quan
"Tôi có một chiếc ô tô bay, nhưng nó không phải là một chiếc ô tô. Đó là một chiếc bánh mì, và tôi đang ăn nó.",không liên quan
"Tôi vừa trúng giải xổ số, nhưng tôi không thể mua bất cứ thứ gì. Tôi đang ở trong một giấc mơ.",không liên quan
"Tôi đang ở trên sao Hỏa, nhưng tôi không thể thở. Tôi đang bị ngạt.",không liên quan
"Tôi đang nói chuyện với một con khỉ, nhưng nó không hiểu tôi. Nó đang hét lên.",không liên quan
"Tôi đang ăn một con ếch, nhưng nó không ngon. Nó có vị như đất.",không liên quan
"Tôi đang bơi trong một hồ nước đầy sô cô la, nhưng tôi không thể bơi. Tôi đang chìm.",không liên quan
"Tôi đang chơi trò chơi điện tử với một con khủng long, nhưng nó đang đánh bại tôi. Nó quá mạnh.",không liên quan
"Tôi đang ở trong một thế giới mơ, nhưng nó không vui. Nó đang rất đáng sợ.",không liên quan
"Mặt trăng đang cười với tôi, nhưng nó đang cười nhạo tôi. Nó biết rằng tôi đang mơ.",không liên quan
"Cây cối đang hát một bài hát, nhưng nó là một bài hát buồn. Nó đang hát về sự cô đơn.",không liên quan
"Cá heo đang bay trên bầu trời, nhưng nó đang gặp khó khăn. Nó đang cố gắng trở về nhà.",không liên quan
"Thời gian đã ngừng trôi, nhưng tôi vẫn đang già đi. Tôi đang chết.",không liên quan
"Thế giới đang đảo ngược, nhưng tôi không thể làm gì. Tôi đang bị mắc kẹt.",không liên quan
"Mọi người đang nói tiếng Esperanto, nhưng tôi không hiểu. Tôi đang bị cô lập.",không liên quan
"Mọi thứ đều được làm bằng kẹo, nhưng tôi không thể ăn. Tôi đang bị đói.",không liên quan
"Tất cả mọi người đều là anh em, nhưng họ đang chiến tranh với nhau. Thế giới đang sụp đổ.",không liên quan
"Cuộc sống là một trò chơi, nhưng tôi đang thua. Tôi đang tuyệt vọng.",không liên quan
"Tất cả chúng ta đều là một, nhưng chúng ta không thể hiểu nhau. Chúng ta đang bị chia rẽ.",không liên quan
"Có một con thỏ màu xanh lá cây đang ăn một chiếc bánh pizza, nhưng nó đang mọc ra cánh. Nó đang bay đi.",không liên quan
"Con chó của tôi biết cách chơi piano, nhưng nó đang chơi một bản nhạc buồn. Nó đang khóc.",không liên quan
"Tôi có một chiếc máy bay thời gian, nhưng tôi không thể đi đâu. Tôi đang bị mắc kẹt trong hiện tại.",không liên quan
"Tôi vừa trúng giải Nobel, nhưng tôi không thể nhận giải. Tôi đang ở trong một giấc mơ.""",không liên quan
"Tôi đang ở trong một thế giới song song, nhưng nó giống hệt thế giới của tôi. Tôi đang chán.""",không liên quan
"Tôi đang nói chuyện với một con rồng, nhưng nó đang nói dối tôi. Nó đang cố gắng lừa tôi.""",không liên quan
"Tôi đang ăn một con cá mập, nhưng nó đang ăn tôi. Tôi đang chết.""",không liên quan
"Tôi đang bơi trong một hồ nước đầy kem, nhưng nó đang tan chảy. Tôi đang bị ướt.""",không liên quan
"Tôi đang chơi trò chơi điện tử với một chú hề, nhưng nó đang rất đáng sợ. Nó đang cố gắng giết tôi.""",không liên quan
"Tôi đang ở trong một giấc mơ ác mộng, nhưng tôi không thể thức dậy. Tôi đang bị mắc kẹt.""",không liên quan
"Đôi khi, sự yên lặng là câu trả lời hay nhất.",không liên quan
"Cuộc sống không phải lúc nào cũng công bằng, nhưng chúng ta vẫn cần phải tiếp tục.",không liên quan
Sự kiên nhẫn là chìa khóa để giải quyết nhiều vấn đề trong cuộc sống.,không liên quan
Hạnh phúc thực sự đến từ việc biết ơn những gì bạn có.,không liên quan
Sự tự do thật sự là khi bạn không còn sợ hãi.,không liên quan
Sự thay đổi là điều duy nhất không bao giờ thay đổi trong cuộc sống.,không liên quan
"Cuộc sống là một hành trình, không phải một điểm đến.",không liên quan
"Đôi khi, việc tốt nhất bạn có thể làm là không nghĩ, không lo lắng, chỉ cần thở và tin rằng mọi thứ sẽ ổn.",không liên quan
Thành công thực sự đến từ việc vượt qua thất bại sau thất bại mà không mất đi lòng nhiệt huyết.,không liên quan
"Đôi khi, chúng ta phải mất đi một cái gì đó để hiểu rõ giá trị của nó.",không liên quan
Sự tự do không phải là làm mọi thứ bạn muốn mà là không phải làm những gì bạn không muốn.,không liên quan
"Đôi khi, việc khó khăn nhất và quan trọng nhất là quyết định hành động.",không liên quan
"Cuộc sống không phải lúc nào cũng dễ dàng, nhưng chúng ta vẫn cần phải tiếp tục.",không liên quan
Sự kiên trì là chìa khóa để giành chiến thắng trong cuộc sống.,không liên quan
Hạnh phúc thực sự đến từ việc biết ơn những gì bạn có.,không liên quan
Sự tự do thật sự là khi bạn không còn sợ hãi.,không liên quan
Sự thay đổi là điều duy nhất không bao giờ thay đổi trong cuộc sống.,không liên quan
"Cuộc sống là một hành trình, không phải một điểm đến.",không liên quan
"Đôi khi, việc tốt nhất bạn có thể làm là không nghĩ, không lo lắng, chỉ cần thở và tin rằng mọi thứ sẽ ổn.",không liên quan
Thành công thực sự đến từ việc vượt qua thất bại sau thất bại mà không mất đi lòng nhiệt huyết.,không liên quan
“Cuộc sống là một cuộc phiêu lưu đáng giá để trải nghiệm.”,không liên quan
“Hãy sống như thể ngày hôm nay là ngày cuối cùng của bạn.”,không liên quan
“Đừng bao giờ để quá khứ chi phối tương lai của bạn.”,không liên quan
“Hãy trân trọng những gì bạn có và luôn theo đuổi những gì bạn muốn.”,không liên quan
"“Thành công không phải là điểm đến, mà là hành trình.”",không liên quan
"“Đôi khi, sự thất bại là bước đệm để đạt được thành công.”",không liên quan
"“Hãy tin vào bản thân, bạn có khả năng làm được mọi thứ.”",không liên quan
"“Đừng so sánh mình với người khác, mỗi người đều có con đường riêng của mình.”",không liên quan
“Hãy sống với niềm đam mê và mục tiêu trong cuộc sống.”,không liên quan
"“Đừng sợ thay đổi, hãy đón nhận nó như một cơ hội để phát triển.”",không liên quan
“Hãy yêu thương và tôn trọng mọi người xung quanh bạn.”,không liên quan
“Cuộc sống quá ngắn để lo lắng về những điều không quan trọng.”,không liên quan
“Hãy luôn tìm kiếm cơ hội trong mọi khó khăn.”,không liên quan
"“Đừng bao giờ từ bỏ ước mơ của bạn, hãy theo đuổi chúng với tất cả sự nhiệt huyết của bạn.”",không liên quan
"“Hãy sống cuộc sống của bạn theo cách của bạn, không phải theo cách người khác muốn bạn sống.”",không liên quan
“Hãy luôn tìm kiếm niềm vui trong cuộc sống và chia sẻ nó với người khác.”,không liên quan
"“Hãy luôn giữ thai độ tích cực, dù cuộc sống có thách thức gì đi nữa.”",không liên quan
"“Đừng sợ thất bại, hãy sợ không dám thử.”",không liên quan
“Hãy tin rằng bạn xứng đáng có tất cả những điều tốt đẹp nhất trong cuộc sống này.”,không liên quan
"“Cuối cùng, điều quan trọng nhất không phải là số năm trong cuộc sống của bạn, mà là cuộc sống trong những năm đó.”",không liên quan
hello ,không liên quan
"không biết, kì quá",không liên quan
“Cái cây không thể chạy đua với con rùa.”,không liên quan
“Chiếc nón của tôi đang hát một bài hát.”,không liên quan
“Trái chuối của tôi đang đọc một cuốn sách.”,không liên quan
“Con mèo của tôi biết lái xe hơi.”,không liên quan
“Tôi thích nhảy múa dưới mặt trăng màu hồng.”,không liên quan
“Cánh cửa của tôi thích ăn sô cô la.”,không liên quan
“Cái ghế của tôi có thể nói tiếng Pháp.”,không liên quan
“Tôi đã thấy một con voi bay qua cửa sổ.”,không liên quan
“Chiếc bút của tôi biết làm sushi.”,không liên quan
“Tôi đã gặp một con chim sẻ đang chơi guitar.”,không liên quan
“Cái bát của tôi biết chơi cờ vua.”,không liên quan
“Tôi đã thấy một con khỉ đang đọc báo.”,không liên quan
“Chiếc kính của tôi biết hát opera.”,không liên quan
“Tôi đã gặp một con chuột đang đi trượt ván.”,không liên quan
“Cái cốc của tôi biết viết thơ.”,không liên quan
“Tôi đã thấy một con cá heo đang lái máy bay.”,không liên quan
“Chiếc áo sơ mi của tôi biết nấu ăn.”,không liên quan
“Tôi đã gặp một con kiến đang chơi piano.”,không liên quan
“Cái giày của tôi biết vẽ tranh.”,không liên quan
“Tôi đã thấy một con bướm đang chơi bóng rổ.”,không liên quan
haha ,không liên quan
no no no,không liên quan
không thích ăn đồ chua ,không liên quan
thích ăn,không liên quan
"Cuộc sống của tôi rất tuyệt vời. Tôi có một công việc mà tôi yêu thích, một gia đình hạnh phúc và những người bạn tuyệt vời.",không liên quan
"Cuộc sống của tôi không dễ dàng, nhưng tôi đang cố gắng hết sức. Tôi biết rằng tôi sẽ thành công một ngày nào đó.",không liên quan
Tôi đang rất hạnh phúc với cuộc sống của mình hiện tại. Tôi có mọi thứ tôi cần.,không liên quan
Tôi không hài lòng với cuộc sống của mình hiện tại. Tôi muốn thay đổi nhiều thứ.,không liên quan
Tôi đang cảm thấy rất lạc lõng và cô đơn. Tôi không biết mình đang làm gì với cuộc sống của mình.,không liên quan
Tôi đang cảm thấy rất lạc quan và tràn đầy năng lượng. Tôi biết rằng tương lai của tôi sẽ rất tươi sáng.,không liên quan
Tôi đang cảm thấy rất thất vọng và chán nản. Tôi không biết phải làm gì nữa.,không liên quan
Tôi đang cảm thấy rất sợ hãi và lo lắng. Tôi không biết tương lai sẽ ra sao.,không liên quan
Tôi đang cảm thấy rất tức giận và bực bội. Tôi không hiểu tại sao mọi thứ lại tồi tệ như vậy.,không liên quan
Tôi đang cảm thấy rất buồn bã và đau khổ. Tôi đã mất mát một người rất thân yêu.,không liên quan
Tôi đang cảm thấy rất yêu đời. Tôi biết rằng tôi may mắn khi có được tất cả những thứ này.,không liên quan
Tôi đang cảm thấy rất biết ơn. Tôi biết rằng tôi có rất nhiều điều để trân trọng.,không liên quan
Tôi đang cảm thấy rất lạc quan. Tôi biết rằng mọi thứ sẽ ổn thôi.,không liên quan
Tôi đang cảm thấy rất mạnh mẽ. Tôi biết rằng tôi có thể vượt qua bất kỳ thử thách nào.,không liên quan
Tôi đang cảm thấy rất hạnh phúc. Tôi biết rằng tôi đang sống cuộc đời tốt đẹp nhất của mình.,không liên quan
Tôi đang cảm thấy rất yêu thương. Tôi biết rằng tôi được bao quanh bởi những người yêu thương tôi.,không liên quan
Tôi đang cảm thấy rất được trân trọng. Tôi biết rằng tôi có giá trị.,không liên quan
Tôi đang cảm thấy rất tự do. Tôi biết rằng tôi có thể làm bất cứ điều gì tôi muốn trong cuộc sống.,không liên quan
"Tôi đang cảm thấy rất bình yên. Tôi biết rằng tôi đang ở đúng nơi, đúng thời điểm.",không liên quan
Tôi đang cảm thấy rất biết ơn vì tất cả những gì tôi có. Tôi biết rằng tôi rất may mắn.,không liên quan
Tôi đang cảm thấy rất hạnh phúc khi được sống. Tôi biết rằng cuộc sống là một món quà quý giá.,không liên quan
Tôi đang cảm thấy rất yêu đời. Tôi biết rằng tôi có rất nhiều điều để mong đợi.,không liên quan
Tôi đang cảm thấy rất biết ơn vì tất cả những người đã hỗ trợ tôi trong cuộc sống. Tôi không biết mình sẽ ở đâu nếu không có họ.,không liên quan
Tôi đang cảm thấy rất tự hào về những gì tôi đã đạt được. Tôi biết rằng tôi đã làm việc chăm chỉ và tôi đáng được được công nhận.,không liên quan
Tôi đang cảm thấy rất hào hứng với tương lai. Tôi biết rằng tôi sẽ làm được những điều tuyệt vời.,không liên quan
Tôi đang cảm thấy rất hạnh phúc khi được làm chính mình. Tôi biết rằng tôi không cần phải giả vờ là ai đó mà tôi không phải.,không liên quan
Tôi đang cảm thấy rất được yêu thương và chấp nhận. Tôi biết rằng tôi không cô đơn.,không liên quan
Tôi đang cảm thấy rất mạnh mẽ và tự tin. Tôi biết rằng tôi có thể làm bất cứ điều gì tôi đặt tâm trí vào.,không liên quan
Tôi đang cảm thấy rất hạnh phúc và hài lòng với cuộc sống của mình. Tôi biết rằng tôi đang sống cuộc đời tốt đẹp nhất của mình.,không liên quan
Tôi đang cảm thấy rất biết ơn vì tất cả những điều tốt đẹp trong cuộc sống của mình. Tôi biết rằng tôi rất may mắn.,không liên quan
"Cuộc sống của tôi là một hành trình, và tôi đang tận hưởng từng khoảnh khắc.",không liên quan
"Cuộc sống của tôi là một món quà, và tôi đang cố gắng hết sức để sống nó một cách trọn vẹn.",không liên quan
"Cuộc sống của tôi là một thử thách, nhưng tôi đang học hỏi và phát triển mỗi ngày.",không liên quan
"Cuộc sống của tôi là một cuộc phiêu lưu, và tôi không biết điều gì sẽ xảy ra tiếp theo.",không liên quan
"Cuộc sống của tôi là một giấc mơ, và tôi đang cố gắng hết sức để biến nó thành hiện thực.",không liên quan
"Cuộc sống của tôi là một bài hát, và tôi đang cố gắng hết sức để hát nó thật hay.",không liên quan
"Cuộc sống của tôi là một bức tranh, và tôi đang cố gắng hết sức để tô lên nó thật đẹp.",không liên quan
"Cuộc sống của tôi là một cuốn sách, và tôi đang cố gắng hết sức để viết nó thật hay.",không liên quan
"Cuộc sống của tôi là một bài thơ, và tôi đang cố gắng hết sức để sống nó thật ý nghĩa.",không liên quan
"Cuộc sống của tôi là một điệu nhảy, và tôi đang cố gắng hết sức để nhảy thật thỏa thích.",không liên quan
"Cuộc sống của tôi là một bữa tiệc, và tôi đang cố gắng hết sức để tận hưởng nó.",không liên quan
"Cuộc sống của tôi là một cuộc hành trình, và tôi đang cố gắng hết sức để tìm thấy đích đến của mình.",không liên quan
"Cuộc sống của tôi là một giấc mơ, và tôi đang cố gắng hết sức để tỉnh giấc.",không liên quan
"Cuộc sống của tôi là một bài học, và tôi đang cố gắng hết sức để học hỏi từ nó.",không liên quan
"Cuộc sống của tôi là một món quà, và tôi đang cố gắng hết sức để trân trọng nó.",không liên quan
"Cuộc sống của tôi là một thử thách, nhưng tôi đang cố gắng hết sức để vượt qua nó.",không liên quan
"Cuộc sống của tôi là một cuộc phiêu lưu, nhưng tôi đang cố gắng hết sức để kiểm soát nó.",không liên quan
"Cuộc sống của tôi là một giấc mơ, nhưng tôi đang cố gắng hết sức để biến nó thành hiện thực.",không liên quan
"Cuộc sống của tôi là một bài hát, nhưng tôi đang cố gắng hết sức để hát nó thật hay.",không liên quan
"Cuộc sống của tôi là một bức tranh, nhưng tôi đang cố gắng hết sức để tô lên nó thật đẹp.",không liên quan
"Cuộc sống của tôi là một cuốn sách, nhưng tôi đang cố gắng hết sức để viết nó thật hay.",không liên quan
"Cuộc sống của tôi là một bài thơ, nhưng tôi đang cố gắng hết sức để sống nó thật ý nghĩa.",không liên quan
"Cuộc sống của tôi là một điệu nhảy, nhưng tôi đang cố gắng hết sức để nhảy thật thỏa thích.",không liên quan
"Cuộc sống của tôi là một bữa tiệc, nhưng tôi đang cố gắng hết sức để không say.",không liên quan
"Cuộc sống của tôi là một cuộc hành trình, nhưng tôi đang cố gắng hết sức để tận hưởng từng bước đi.",không liên quan
"Cuộc sống của tôi là một giấc mơ, nhưng tôi đang cố gắng hết sức để không tỉnh giấc.",không liên quan
"Cuộc sống của tôi là một bài học, nhưng tôi đang cố gắng hết sức để không mắc lỗi.",không liên quan
"Cuộc sống của tôi là một món quà, nhưng tôi đang cố gắng hết sức để không lãng phí nó.",không liên quan
"Cuộc sống của tôi là một thử thách, nhưng tôi đang cố gắng hết sức để không bỏ cuộc.",không liên quan
"Cuộc sống của tôi là một cuộc phiêu lưu, nhưng tôi đang cố gắng hết sức để không lạc đường.",không liên quan
Tôi yêu thích công việc của mình vì nó cho phép tôi giúp đỡ người khác.,không liên quan
Tôi thích tập thể dục vì nó giúp tôi khỏe mạnh và tỉnh táo.,không liên quan
Tôi thích đọc sách vì nó giúp tôi học hỏi và mở rộng tầm nhìn.,không liên quan
Tôi thích nghe nhạc vì nó giúp tôi thư giãn và giải trí.,không liên quan
Tôi thích đi du lịch vì nó giúp tôi khám phá thế giới và gặp gỡ những con người mới.,không liên quan
Tôi thích nấu ăn vì nó giúp tôi sáng tạo và thỏa mãn.,không liên quan
Tôi thích làm vườn vì nó giúp tôi thư giãn và gần gũi với thiên nhiên.,không liên quan
Tôi thích chơi với con cái của tôi vì nó giúp tôi vui vẻ và hạnh phúc.,không liên quan
Tôi thích dành thời gian cho gia đình và bạn bè vì họ là những người quan trọng nhất trong cuộc đời tôi.,không liên quan
Tôi thích giúp đỡ người khác vì nó khiến tôi cảm thấy tốt đẹp.,không liên quan
Tôi thích học hỏi những điều mới vì nó giúp tôi phát triển bản thân.,không liên quan
Tôi thích thử thách bản thân vì nó giúp tôi vượt qua giới hạn của mình.,không liên quan
Tôi thích sống một cuộc sống lành mạnh vì nó giúp tôi cảm thấy tốt nhất.,không liên quan
Tôi thích dành thời gian cho bản thân vì nó giúp tôi thư giãn và sạc lại năng lượng.,không liên quan
Tôi thích làm những điều khiến tôi hạnh phúc.,không liên quan
Tôi thích sống một cuộc sống trọn vẹn.,không liên quan
Tôi thích tận hưởng từng khoảnh khắc của cuộc sống.,không liên quan
Tôi thích cảm thấy biết ơn vì những gì tôi có.,không liên quan
Tôi thích sống một cuộc sống có ý nghĩa.,không liên quan
Tôi thích làm cho thế giới trở thành một nơi tốt đẹp hơn.,không liên quan
Tôi thích truyền cảm hứng cho người khác.,không liên quan
Tôi thích tạo ra sự khác biệt trong cuộc sống của người khác.,không liên quan
Tôi thích sống một cuộc sống đầy niềm vui và tiếng cười.,không liên quan
Tôi thích cảm thấy yêu đời.,không liên quan
Tôi thích cảm thấy được kết nối với mọi thứ xung quanh.,không liên quan
Tôi thích cảm thấy bình yên và thanh thản.,không liên quan
Tôi thích cảm thấy hạnh phúc và mãn nguyện.,không liên quan
Tôi thích cảm thấy được yêu thương và trân trọng.,không liên quan
Tôi thích cảm thấy như mình là một phần của điều gì đó lớn hơn chính mình.,không liên quan
Tôi thích cảm thấy như mình đang sống cuộc đời tốt đẹp nhất của mình.,không liên quan
Tôi ghét công việc của mình vì nó quá nhàm chán và lặp đi lặp lại.,không liên quan
Tôi ghét việc tập thể dục vì nó quá mệt mỏi và khó khăn.,không liên quan
Tôi ghét việc đọc sách vì nó quá tốn thời gian và công sức.,không liên quan
Tôi ghét việc nghe nhạc vì nó quá ồn ào và khó tập trung.,không liên quan
Tôi ghét việc đi du lịch vì nó quá tốn kém và mệt mỏi.,không liên quan
Tôi ghét việc nấu ăn vì nó quá mất thời gian và công sức.,không liên quan
Tôi ghét việc làm vườn vì nó quá bẩn thỉu và vất vả.,không liên quan
Tôi ghét việc chơi với con cái của tôi vì nó quá ồn ào và khó kiểm soát.,không liên quan
Tôi ghét việc dành thời gian cho gia đình và bạn bè vì họ quá phiền phức và không hiểu tôi.,không liên quan
Tôi ghét việc giúp đỡ người khác vì họ không bao giờ biết ơn.,không liên quan
Tôi ghét việc học hỏi những điều mới vì nó quá khó khăn và tốn thời gian.,không liên quan
Tôi ghét việc thử thách bản thân vì nó quá mệt mỏi và căng thẳng.,không liên quan
Tôi ghét việc sống một cuộc sống lành mạnh vì nó quá hạn chế và không thú vị.,không liên quan
Tôi ghét việc dành thời gian cho bản thân vì tôi không bao giờ cảm thấy thư giãn và thoải mái.,không liên quan
Tôi ghét làm những điều khiến tôi hạnh phúc vì tôi không xứng đáng với nó.,không liên quan
Tôi ghét sống một cuộc sống trọn vẹn vì tôi không đủ khả năng.,không liên quan
Tôi ghét tận hưởng từng khoảnh khắc của cuộc sống vì tôi luôn lo lắng về tương lai.,không liên quan
Tôi ghét cảm thấy biết ơn vì những gì tôi có vì tôi không có gì.,không liên quan
Tôi ghét sống một cuộc sống có ý nghĩa vì tôi không biết ý nghĩa của cuộc sống là gì.,không liên quan
Tôi ghét làm cho thế giới trở thành một nơi tốt đẹp hơn vì thế giới quá tồi tệ.,không liên quan
Tôi ghét truyền cảm hứng cho người khác vì tôi không có gì để truyền cảm hứng.,không liên quan
Tôi ghét tạo ra sự khác biệt trong cuộc sống của người khác vì tôi không quan tâm.,không liên quan
Tôi ghét sống một cuộc sống đầy niềm vui và tiếng cười vì tôi không bao giờ cảm thấy vui vẻ.,không liên quan
Tôi ghét cảm thấy yêu đời vì tôi luôn cảm thấy chán nản.,không liên quan
Tôi ghét cảm thấy được kết nối với mọi thứ xung quanh vì tôi cảm thấy rất cô đơn.,không liên quan
Tôi ghét cảm thấy bình yên và thanh thản vì tôi luôn lo lắng và căng thẳng.,không liên quan
Tôi ghét cảm thấy hạnh phúc và mãn nguyện vì tôi luôn cảm thấy bất mãn và thất vọng.,không liên quan
Tôi ghét cảm thấy được yêu thương và trân trọng vì tôi cảm thấy rất vô dụng và không đáng yêu.,không liên quan
Tôi ghét cảm thấy như mình là một phần của điều gì đó lớn hơn chính mình vì tôi cảm thấy rất nhỏ bé và insignificant.,không liên quan
Tôi ghét cảm thấy như mình đang sống cuộc đời tốt đẹp nhất của mình vì tôi cảm thấy như mình đang sống một cuộc đời tồi tệ nhất của mình.,không liên quan
em thích học công nghệ thông tin,không liên quan
dádf,không liên quan
asd,không liên quan
zxcv,không liên quan
zxcv,không liên quan
wea]q234,không liên quan
adfsf,không liên quan
sc,không liên quan
acxvz,không liên quan
not ok ádofjkasdf,không liên quan
asdf,không liên quan
df,không liên quan
df,không liên quan
ádf,không liên quan
fzxcvasdf,không liên quan
zxv ,không liên quan
hello hơư r u?,không liên quan
i m fire,không liên quan
enghlshhhhhhhhhh,không liên quan
yohohohhoho,không liên quan
one piêc is the boét,không liên quan
Cậu có nghe nói rằng cô ấy đã kết hôn với một người đàn ông giàu có hơn cô ấy 20 tuổi không?,không liên quan
Cậu có biết rằng anh ấy đã bị đuổi việc vì ăn cắp tiền của công ty không?,không liên quan
Cậu có tin rằng cô ấy đã ly hôn với chồng vì ngoại tình không?,không liên quan
Cậu có biết rằng anh ấy đã bị bắt vì lái xe khi say không?,không liên quan
Cậu có tin rằng cô ấy đã phẫu thuật thẩm mỹ để trông đẹp hơn không?,không liên quan
Cậu có biết rằng anh ấy đã mua một chiếc xe hơi mới trị giá hàng tỷ đồng không?,không liên quan
Cậu có tin rằng cô ấy đang mang thai nhưng không muốn cho ai biết không?,không liên quan
Cậu có biết rằng anh ấy đang hẹn hò với một người phụ nữ trẻ hơn anh ấy 20 tuổi không?,không liên quan
Cậu có tin rằng cô ấy đang gặp rắc rối về tài chính và phải bán nhà không?,không liên quan
Cậu có biết rằng anh ấy đang nghiện rượu và cờ bạc không?,không liên quan
Cậu có tin rằng cô ấy đang bị trầm cảm và muốn tự tử không?,không liên quan
Cậu có biết rằng anh ấy đang bị điều tra vì tham nhũng không?,không liên quan
Cậu có tin rằng cô ấy đang ngoại tình với chồng của bạn mình không?,không liên quan
Cậu có biết rằng anh ấy đang bị bệnh ung thư và không còn sống được bao lâu nữa không?,không liên quan
Cậu có tin rằng cô ấy đang bị chồng bạo hành nhưng không dám nói với ai không?,không liên quan
Cậu có biết rằng anh ấy đang gặp rắc rối với pháp luật và có thể bị bắt không?,không liên quan
Cậu có tin rằng cô ấy đang mắc một căn bệnh bí ẩn và không thể chữa khỏi không?,không liên quan
Cậu có biết rằng anh ấy đang gặp rắc rối về gia đình và có thể ly hôn không?,không liên quan
Cậu có tin rằng cô ấy đang bị người khác đe dọa và không dám ra ngoài đường không?,không liên quan
Cậu có biết rằng anh ấy đang gặp rắc rối về công việc và có thể bị sa thải không?,không liên quan
Cậu có tin rằng cô ấy đang bị người khác lừa đảo và mất hết tiền không?,không liên quan
Cậu có biết rằng anh ấy đang gặp rắc rối về sức khỏe và phải nhập viện không?,không liên quan
Cậu có tin rằng cô ấy đang bị người khác ghen tị và muốn hãm hại không?,không liên quan
Cậu có biết rằng anh ấy đang gặp rắc rối về tinh thần và có thể bị điên không?,không liên quan
Cậu có tin rằng cô ấy đang bị người khác bỏ rơi và rất cô đơn không?,không liên quan
Cậu có biết rằng anh ấy đang gặp rắc rối về con cái và không thể dạy dỗ chúng không?,không liên quan
Cậu có tin rằng cô ấy đang bị người khác lợi dụng và không dám từ chối không?,không liên quan
Cậu có biết rằng anh ấy đang gặp rắc rối về bạn bè và không còn ai chơi với anh ấy không?,không liên quan
Cậu có tin rằng cô ấy đang bị người khác ghét bỏ và không ai yêu quý không?,không liên quan
Cậu có biết rằng anh ấy đang gặp rắc rối về cuộc sống và không biết phải làm gì không?,không liên quan
eựkrljeklrj,không liên quan
love you 3000,không liên quan
love you 12039120391,không liên quan
củ cải trắng ngon hơn củ cái đen,không liên quan
eeeeeeee có con kiến,không liên quan
cô ăn cơm chưa?,không liên quan
"1+1=2, cô giáo trông rất hài, cô hiếm khi giảng bài, cô toàn đi ghẹo trai",không liên quan
Tôi quá lười biếng.,không liên quan
Tôi quá nhút nhát.,không liên quan
Tôi quá vô tổ chức.,không liên quan
Tôi quá nhạy cảm.,không liên quan
Tôi quá lo lắng.,không liên quan
Tôi quá cầu toàn.,không liên quan
Tôi quá thụ động.,không liên quan
Tôi quá nóng nảy.,không liên quan
Tôi quá chỉ trích chính mình.,không liên quan
Tôi quá so sánh bản thân với người khác.,không liên quan
Tôi quá sợ hãi thất bại.,không liên quan
Tôi quá khó chịu với chính mình.,không liên quan
Tôi quá nghi ngờ bản thân.,không liên quan
Tôi quá tiêu cực.,không liên quan
Tôi quá bi quan.,không liên quan
Tôi quá thiếu tự tin.,không liên quan
Tôi quá vô dụng.,không liên quan
Tôi quá ngu xuẩn.,không liên quan
Tôi quá xấu xí.,không liên quan
Tôi quá béo.,không liên quan
Tôi quá gầy.,không liên quan
Tôi quá thấp.,không liên quan
Tôi quá cao.,không liên quan
Tôi quá già.,không liên quan
Tôi quá trẻ.,không liên quan
Tôi quá nhàm chán.,không liên quan
Tôi quá vô vị.,không liên quan
Tôi quá bình thường.,không liên quan
Tôi quá khác biệt.,không liên quan
Tôi quá phức tạp.,không liên quan
Tôi quá đơn giản.,không liên quan
Tôi quá bảo thủ.,không liên quan
Tôi quá cởi mở.,không liên quan
Tôi quá nông cạn.,không liên quan
Tôi quá sâu sắc.,không liên quan
Tôi quá nghiêm túc.,không liên quan
Tôi quá hài hước.,không liên quan
Tôi quá cảm xúc.,không liên quan
Tôi quá lạnh lùng.,không liên quan
Tôi quá tốt bụng.,không liên quan
Tôi quá xấu tính.,không liên quan
Tôi quá dễ tin.,không liên quan
Tôi quá đa nghi.,không liên quan
Tôi quá bốc đồng.,không liên quan
Tôi quá suy nghĩ.,không liên quan
Tôi quá mơ mộng.,không liên quan
Tôi quá thực tế.,không liên quan
Tôi quá tham vọng.,không liên quan
Tôi quá lười biếng.,không liên quan
Tôi quá độc lập.,không liên quan
"Wery, rapper số 1 châu đại dương đã tử vong vì sốc nước lọc nghiêm trọng",không liên quan
Bạn sẽ không tin điều này: Bí quyết giảm cân nhanh chóng và hiệu quả trong 7 ngày,không liên quan
Sốc: Loài virus mới nguy hiểm hơn COVID-19 đã xuất hiện,không liên quan
Bí mật động trời về cuộc sống của các ngôi sao hạng A,không liên quan
10 bí quyết kiếm tiền nhanh chóng và dễ dàng,không liên quan
Bạn sẽ không tin điều này: Sự thật về Kim tự tháp Giza,không liên quan
Cách chữa khỏi tất cả các bệnh chỉ bằng một phương pháp đơn giản,không liên quan
Những bí mật về vũ trụ mà khoa học chưa giải thích được,không liên quan
Cách tìm được tình yêu đích thực của đời mình,không liên quan
10 bí quyết sống hạnh phúc và viên mãn,không liên quan
Bạn sẽ không tin điều này: Sự thật về người ngoài hành tinh,không liên quan
Sốc: Nghệ sĩ nổi tiếng bị bắt vì tội ấu dâm,không liên quan
Bí mật động trời về cuộc sống của các chính trị gia,không liên quan
10 bí quyết làm giàu bất chính,không liên quan
Bạn sẽ không tin điều này: Sự thật về vụ tai nạn máy bay MH370,không liên quan
Cách chữa khỏi ung thư chỉ bằng một phương pháp đơn giản,không liên quan
Những bí mật về tôn giáo mà các giáo sĩ không muốn bạn biết,không liên quan
Cách thức thực sự của các cuộc bầu cử,không liên quan
10 bí quyết sống bất tử,không liên quan
Bạn sẽ không tin điều này: Sự thật về Illuminati,không liên quan
Cách du hành thời gian,không liên quan
i dont fuck with uuuu,không liên quan
leave me alone,không liên quan
decrease me there,không liên quan
extract me from the car,không liên quan
mohameth the black,không liên quan
vladimir shooting,không liên quan
morgan freeway,không liên quan
kim jong boom,không liên quan
adolf hither,không liên quan
mao jeboom,không liên quan
morgan not freeanymore,không liên quan
obama binladen,không liên quan
donald boom,không liên quan
love the way you suck my pp,không liên quan
have u ever seen this before?,không liên quan
"i love paris, especially the one without the blaks",không liên quan
michael blackson,không liên quan
"Người ta đồn rằng tôi rất đẹp trai, nhưng tôi đã đính hôn với chính mình rồi.",không liên quan
"Tôi không lười biếng, tôi chỉ đang tiết kiệm năng lượng.",không liên quan
"Tôi không béo, tôi chỉ đang có nhiều chất béo để yêu.",không liên quan
"Tôi không xấu xí, tôi chỉ đang có một khuôn mặt độc đáo.",không liên quan
"Tôi không ngu ngốc, tôi chỉ đang có kiến thức hạn chế.",không liên quan
"Tôi không nghèo, tôi chỉ đang có ít tiền hơn người khác một chút.",không liên quan
"Tôi không cô đơn, tôi chỉ đang tận hưởng thời gian của riêng mình.",không liên quan
"Tôi không thất bại, tôi chỉ đang học hỏi.",không liên quan
"Tôi không thất tình, tôi chỉ đang có một mối tình mới với chính mình.",không liên quan
"Tôi không bị bỏ rơi, tôi chỉ đang được giải thoát.",không liên quan
"Tôi không bị từ chối, tôi chỉ đang được thử thách.",không liên quan
"Tôi không bị đánh bại, tôi chỉ đang nghỉ ngơi.",không liên quan
"Tôi không bị tổn thương, tôi chỉ đang được mạnh mẽ hơn.",không liên quan
"Tôi không bị mất mát, tôi chỉ đang được dạy dỗ.",không liên quan
"Tôi không bị bỏ lại phía sau, tôi chỉ đang đi theo con đường của riêng mình.",không liên quan
"Tôi không sợ hãi, tôi chỉ đang cẩn thận.",không liên quan
"Tôi không yếu đuối, tôi chỉ đang cảm thấy mệt mỏi.",không liên quan
"Tôi không bị phá vỡ, tôi chỉ đang được tái xây dựng.",không liên quan
"Tôi không bị đánh gục, tôi chỉ đang chuẩn bị cho một cuộc trở lại ngoạn mục.",không liên quan
"Tôi không phải là người thất bại, tôi chỉ là người bình thường.",không liên quan
"Tôi không phải là người hoàn hảo, tôi chỉ là người thật.",không liên quan
"Tôi không phải là người tốt nhất, tôi chỉ là người đang cố gắng trở thành phiên bản tốt nhất của chính mình.",không liên quan
"Tôi không phải là người duy nhất, nhưng tôi là người duy nhất như tôi.",không liên quan
"Tôi không phải là người đặc biệt, nhưng tôi là người độc đáo.",không liên quan
"Tôi không phải là người giỏi nhất, nhưng tôi là người cố gắng hết sức.",không liên quan
"Tôi không phải là người hoàn hảo, nhưng tôi là người yêu bản thân mình.",không liên quan
"Tôi không phải là người thành công nhất, nhưng tôi là người hạnh phúc nhất.",không liên quan
"Tôi không phải là người tốt nhất, nhưng tôi là người cố gắng làm điều tốt đẹp cho thế giới.",không liên quan
"Tôi không phải là người hoàn hảo, nhưng tôi là người thật và tôi đang sống cuộc sống của mình một cách trọn vẹn nhất.",không liên quan
"Tôi không phải là người đặc biệt, nhưng tôi là người duy nhất như tôi.",không liên quan
.,không liên quan
.,không liên quan
.,không liên quan
.,không liên quan
.,không liên quan
",",không liên quan
",",không liên quan
",",không liên quan
jk,không liên quan
leave me alone,không liên quan
download me from the car,không liên quan
my home is there,không liên quan
your home is here,không liên quan
what u doing,không liên quan
i not good,không liên quan
this subject is,không liên quan
môn này ,không liên quan
không hợp ,không liên quan
tôi ,không liên quan
là ngời,không liên quan
hehe,không liên quan
.,không liên quan
.,không liên quan
.,không liên quan
.,không liên quan
.,không liên quan
!KFGD23gRY!o9^9@#z,không liên quan
,không liên quan
!KFGD23gRY!o9^9@#z,không liên quan
.,không liên quan
.,không liên quan
.,không liên quan
.,không liên quan
.,không liên quan
.,không liên quan
.,không liên quan
.,không liên quan
.,không liên quan
.,không liên quan
.,không liên quan
.,không liên quan
..,không liên quan
.,không liên quan
..,không liên quan
.,không liên quan
.,không liên quan
..,không liên quan
.,không liên quan
..,không liên quan
.,không liên quan
.,không liên quan
.,không liên quan
.,không liên quan
.,không liên quan
.,không liên quan
.,không liên quan
.,không liên quan
.,không liên quan
.,không liên quan
.,không liên quan
.,không liên quan
.,không liên quan
.,không liên quan
.,không liên quan
.,không liên quan
.,không liên quan
.,không liên quan
.,không liên quan
.,không liên quan
.,không liên quan
.,không liên quan
.,không liên quan
.,không liên quan
.,không liên quan
.,không liên quan
.,không liên quan
..,không liên quan
.,không liên quan
.,không liên quan
.,không liên quan
.,không liên quan
.,không liên quan
39KG73iEUbXvs6,không liên quan
39KG73iEUbXvs6,không liên quan
39KG73iEUbXvs6,không liên quan
39KG73iEUbXvs6,không liên quan
39KG73iEUbXvs6,không liên quan
39KG73iEUbXvs6,không liên quan
39KG73iEUbXvs6,không liên quan
39KG73iEUbXvs6,không liên quan
39KG73iEUbXvs6,không liên quan
39KG73iEUbXvs6,không liên quan
39KG73iEUbXvs6,không liên quan
39KG73iEUbXvs6,không liên quan
39KG73iEUbXvs6,không liên quan
39KG73iEUbXvs6,không liên quan
39KG73iEUbXvs6,không liên quan
39KG73iEUbXvs6,không liên quan
39KG73iEUbXvs6,không liên quan
39KG73iEUbXvs6,không liên quan
39KG73iEUbXvs6,không liên quan
39KG73iEUbXvs6,không liên quan
39KG73iEUbXvs6,không liên quan
39KG73iEUbXvs6,không liên quan
39KG73iEUbXvs6,không liên quan
39KG73iEUbXvs6,không liên quan
Pax743HZ78LrZg,không liên quan
Pax743HZ78LrZg,không liên quan
Pax743HZ78LrZg,không liên quan
Pax743HZ78LrZg,không liên quan
Pax743HZ78LrZg,không liên quan
Pax743HZ78LrZg,không liên quan
Pax743HZ78LrZg,không liên quan
Pax743HZ78LrZg,không liên quan
Pax743HZ78LrZg,không liên quan
Pax743HZ78LrZg,không liên quan
Pax743HZ78LrZg,không liên quan
Pax743HZ78LrZg,không liên quan
Pax743HZ78LrZg,không liên quan
Pax743HZ78LrZg,không liên quan
Pax743HZ78LrZg,không liên quan
Pax743HZ78LrZg,không liên quan
Pax743HZ78LrZg,không liên quan
Pax743HZ78LrZg,không liên quan
Pax743HZ78LrZg,không liên quan
Pax743HZ78LrZg,không liên quan
Pax743HZ78LrZg,không liên quan
Pax743HZ78LrZg,không liên quan
Pax743HZ78LrZg,không liên quan
Pax743HZ78LrZg,không liên quan
iacR6jV46kk2rA,không liên quan
iacR6jV46kk2rA,không liên quan
iacR6jV46kk2rA,không liên quan
iacR6jV46kk2rA,không liên quan
iacR6jV46kk2rA,không liên quan
iacR6jV46kk2rA,không liên quan
iacR6jV46kk2rA,không liên quan
iacR6jV46kk2rA,không liên quan
iacR6jV46kk2rA,không liên quan
iacR6jV46kk2rA,không liên quan
iacR6jV46kk2rA,không liên quan
iacR6jV46kk2rA,không liên quan
iacR6jV46kk2rA,không liên quan
iacR6jV46kk2rA,không liên quan
iacR6jV46kk2rA,không liên quan
iacR6jV46kk2rA,không liên quan
rgBSDAaEtf2W68eJsGKDBnFZicR9SwxtbvRszfEmLtB6EbVK9WRj8U4AE5qynatUAKNQGtFUHL278ykjv73e4xxY365TEggoSxvvPC33YTzNcqqECgLLriPM9yHLE3hP,không liên quan
rgBSDAaEtf2W68eJsGKDBnFZicR9SwxtbvRszfEmLtB6EbVK9WRj8U4AE5qynatUAKNQGtFUHL278ykjv73e4xxY365TEggoSxvvPC33YTzNcqqECgLLriPM9yHLE3hP,không liên quan
rgBSDAaEtf2W68eJsGKDBnFZicR9SwxtbvRszfEmLtB6EbVK9WRj8U4AE5qynatUAKNQGtFUHL278ykjv73e4xxY365TEggoSxvvPC33YTzNcqqECgLLriPM9yHLE3hP,không liên quan
rgBSDAaEtf2W68eJsGKDBnFZicR9SwxtbvRszfEmLtB6EbVK9WRj8U4AE5qynatUAKNQGtFUHL278ykjv73e4xxY365TEggoSxvvPC33YTzNcqqECgLLriPM9yHLE3hP,không liên quan
rgBSDAaEtf2W68eJsGKDBnFZicR9SwxtbvRszfEmLtB6EbVK9WRj8U4AE5qynatUAKNQGtFUHL278ykjv73e4xxY365TEggoSxvvPC33YTzNcqqECgLLriPM9yHLE3hP,không liên quan
rgBSDAaEtf2W68eJsGKDBnFZicR9SwxtbvRszfEmLtB6EbVK9WRj8U4AE5qynatUAKNQGtFUHL278ykjv73e4xxY365TEggoSxvvPC33YTzNcqqECgLLriPM9yHLE3hP,không liên quan
rgBSDAaEtf2W68eJsGKDBnFZicR9SwxtbvRszfEmLtB6EbVK9WRj8U4AE5qynatUAKNQGtFUHL278ykjv73e4xxY365TEggoSxvvPC33YTzNcqqECgLLriPM9yHLE3hP,không liên quan
rgBSDAaEtf2W68eJsGKDBnFZicR9SwxtbvRszfEmLtB6EbVK9WRj8U4AE5qynatUAKNQGtFUHL278ykjv73e4xxY365TEggoSxvvPC33YTzNcqqECgLLriPM9yHLE3hP,không liên quan
rgBSDAaEtf2W68eJsGKDBnFZicR9SwxtbvRszfEmLtB6EbVK9WRj8U4AE5qynatUAKNQGtFUHL278ykjv73e4xxY365TEggoSxvvPC33YTzNcqqECgLLriPM9yHLE3hP,không liên quan
rgBSDAaEtf2W68eJsGKDBnFZicR9SwxtbvRszfEmLtB6EbVK9WRj8U4AE5qynatUAKNQGtFUHL278ykjv73e4xxY365TEggoSxvvPC33YTzNcqqECgLLriPM9yHLE3hP,không liên quan
rgBSDAaEtf2W68eJsGKDBnFZicR9SwxtbvRszfEmLtB6EbVK9WRj8U4AE5qynatUAKNQGtFUHL278ykjv73e4xxY365TEggoSxvvPC33YTzNcqqECgLLriPM9yHLE3hP,không liên quan
rgBSDAaEtf2W68eJsGKDBnFZicR9SwxtbvRszfEmLtB6EbVK9WRj8U4AE5qynatUAKNQGtFUHL278ykjv73e4xxY365TEggoSxvvPC33YTzNcqqECgLLriPM9yHLE3hP,không liên quan
rgBSDAaEtf2W68eJsGKDBnFZicR9SwxtbvRszfEmLtB6EbVK9WRj8U4AE5qynatUAKNQGtFUHL278ykjv73e4xxY365TEggoSxvvPC33YTzNcqqECgLLriPM9yHLE3hP,không liên quan
rgBSDAaEtf2W68eJsGKDBnFZicR9SwxtbvRszfEmLtB6EbVK9WRj8U4AE5qynatUAKNQGtFUHL278ykjv73e4xxY365TEggoSxvvPC33YTzNcqqECgLLriPM9yHLE3hP,không liên quan
rgBSDAaEtf2W68eJsGKDBnFZicR9SwxtbvRszfEmLtB6EbVK9WRj8U4AE5qynatUAKNQGtFUHL278ykjv73e4xxY365TEggoSxvvPC33YTzNcqqECgLLriPM9yHLE3hP,không liên quan
rgBSDAaEtf2W68eJsGKDBnFZicR9SwxtbvRszfEmLtB6EbVK9WRj8U4AE5qynatUAKNQGtFUHL278ykjv73e4xxY365TEggoSxvvPC33YTzNcqqECgLLriPM9yHLE3hP,không liên quan
rgBSDAaEtf2W68eJsGKDBnFZicR9SwxtbvRszfEmLtB6EbVK9WRj8U4AE5qynatUAKNQGtFUHL278ykjv73e4xxY365TEggoSxvvPC33YTzNcqqECgLLriPM9yHLE3hP,không liên quan
rgBSDAaEtf2W68eJsGKDBnFZicR9SwxtbvRszfEmLtB6EbVK9WRj8U4AE5qynatUAKNQGtFUHL278ykjv73e4xxY365TEggoSxvvPC33YTzNcqqECgLLriPM9yHLE3hP,không liên quan
rgBSDAaEtf2W68eJsGKDBnFZicR9SwxtbvRszfEmLtB6EbVK9WRj8U4AE5qynatUAKNQGtFUHL278ykjv73e4xxY365TEggoSxvvPC33YTzNcqqECgLLriPM9yHLE3hP,không liên quan
rgBSDAaEtf2W68eJsGKDBnFZicR9SwxtbvRszfEmLtB6EbVK9WRj8U4AE5qynatUAKNQGtFUHL278ykjv73e4xxY365TEggoSxvvPC33YTzNcqqECgLLriPM9yHLE3hP,không liên quan
rgBSDAaEtf2W68eJsGKDBnFZicR9SwxtbvRszfEmLtB6EbVK9WRj8U4AE5qynatUAKNQGtFUHL278ykjv73e4xxY365TEggoSxvvPC33YTzNcqqECgLLriPM9yHLE3hP,không liên quan
rgBSDAaEtf2W68eJsGKDBnFZicR9SwxtbvRszfEmLtB6EbVK9WRj8U4AE5qynatUAKNQGtFUHL278ykjv73e4xxY365TEggoSxvvPC33YTzNcqqECgLLriPM9yHLE3hP,không liên quan
rgBSDAaEtf2W68eJsGKDBnFZicR9SwxtbvRszfEmLtB6EbVK9WRj8U4AE5qynatUAKNQGtFUHL278ykjv73e4xxY365TEggoSxvvPC33YTzNcqqECgLLriPM9yHLE3hP,không liên quan
rgBSDAaEtf2W68eJsGKDBnFZicR9SwxtbvRszfEmLtB6EbVK9WRj8U4AE5qynatUAKNQGtFUHL278ykjv73e4xxY365TEggoSxvvPC33YTzNcqqECgLLriPM9yHLE3hP,không liên quan
rgBSDAaEtf2W68eJsGKDBnFZicR9SwxtbvRszfEmLtB6EbVK9WRj8U4AE5qynatUAKNQGtFUHL278ykjv73e4xxY365TEggoSxvvPC33YTzNcqqECgLLriPM9yHLE3hP,không liên quan
rgBSDAaEtf2W68eJsGKDBnFZicR9SwxtbvRszfEmLtB6EbVK9WRj8U4AE5qynatUAKNQGtFUHL278ykjv73e4xxY365TEggoSxvvPC33YTzNcqqECgLLriPM9yHLE3hP,không liên quan
rgBSDAaEtf2W68eJsGKDBnFZicR9SwxtbvRszfEmLtB6EbVK9WRj8U4AE5qynatUAKNQGtFUHL278ykjv73e4xxY365TEggoSxvvPC33YTzNcqqECgLLriPM9yHLE3hP,không liên quan
rgBSDAaEtf2W68eJsGKDBnFZicR9SwxtbvRszfEmLtB6EbVK9WRj8U4AE5qynatUAKNQGtFUHL278ykjv73e4xxY365TEggoSxvvPC33YTzNcqqECgLLriPM9yHLE3hP,không liên quan
rgBSDAaEtf2W68eJsGKDBnFZicR9SwxtbvRszfEmLtB6EbVK9WRj8U4AE5qynatUAKNQGtFUHL278ykjv73e4xxY365TEggoSxvvPC33YTzNcqqECgLLriPM9yHLE3hP,không liên quan
rgBSDAaEtf2W68eJsGKDBnFZicR9SwxtbvRszfEmLtB6EbVK9WRj8U4AE5qynatUAKNQGtFUHL278ykjv73e4xxY365TEggoSxvvPC33YTzNcqqECgLLriPM9yHLE3hP,không liên quan
rgBSDAaEtf2W68eJsGKDBnFZicR9SwxtbvRszfEmLtB6EbVK9WRj8U4AE5qynatUAKNQGtFUHL278ykjv73e4xxY365TEggoSxvvPC33YTzNcqqECgLLriPM9yHLE3hP,không liên quan
rgBSDAaEtf2W68eJsGKDBnFZicR9SwxtbvRszfEmLtB6EbVK9WRj8U4AE5qynatUAKNQGtFUHL278ykjv73e4xxY365TEggoSxvvPC33YTzNcqqECgLLriPM9yHLE3hP,không liên quan
3R88c4,không liên quan
3R88c4,không liên quan
3R88c4,không liên quan
3R88c4,không liên quan
3R88c4,không liên quan
3R88c4,không liên quan
3R88c4,không liên quan
3R88c4,không liên quan
3R88c4,không liên quan
3R88c4,không liên quan
3R88c4,không liên quan
3R88c4,không liên quan
3R88c4,không liên quan
3R88c4,không liên quan
3R88c4,không liên quan
3R88c4,không liên quan
3R88c4,không liên quan
3R88c4,không liên quan
3R88c4,không liên quan
3R88c4,không liên quan
3R88c4,không liên quan
Q47Aks83i,không liên quan
Q47Aks83i,không liên quan
Q47Aks83i,không liên quan
Q47Aks83i,không liên quan
Q47Aks83i,không liên quan
Q47Aks83i,không liên quan
Q47Aks83i,không liên quan
Q47Aks83i,không liên quan
Q47Aks83i,không liên quan
Q47Aks83i,không liên quan
Q47Aks83i,không liên quan
Q47Aks83i,không liên quan
Q47Aks83i,không liên quan
Q47Aks83i,không liên quan
Q47Aks83i,không liên quan
Q47Aks83i,không liên quan
Q47Aks83i,không liên quan
Q47Aks83i,không liên quan
Q47Aks83i,không liên quan
Q47Aks83i,không liên quan
Q47Aks83i,không liên quan
Q47Aks83i,không liên quan
Q47Aks83i,không liên quan
Q47Aks83i,không liên quan
Q47Aks83i,không liên quan
Q47Aks83i,không liên quan
Q47Aks83i,không liên quan
Q47Aks83i,không liên quan
Q47Aks83i,không liên quan
Lankiness9406,không liên quan
Lankiness9406,không liên quan
Lankiness9406,không liên quan
Lankiness9406,không liên quan
Lankiness9406,không liên quan
Lankiness9406,không liên quan
Lankiness9406,không liên quan
Lankiness9406,không liên quan
Lankiness9406,không liên quan
Lankiness9406,không liên quan
Lankiness9406,không liên quan
Lankiness9406,không liên quan
Lankiness9406,không liên quan
Lankiness9406,không liên quan
Lankiness9406,không liên quan
Lankiness9406,không liên quan
Lankiness9406,không liên quan
Lankiness9406,không liên quan
Lankiness9406,không liên quan
Lankiness9406,không liên quan
Overshoot2742,không liên quan
Overshoot2742,không liên quan
Overshoot2742,không liên quan
Overshoot2742,không liên quan
Overshoot2742,không liên quan
Overshoot2742,không liên quan
Overshoot2742,không liên quan
Overshoot2742,không liên quan
Overshoot2742,không liên quan
Overshoot2742,không liên quan
Overshoot2742,không liên quan
Overshoot2742,không liên quan
Overshoot2742,không liên quan
Overshoot2742,không liên quan
Overshoot2742,không liên quan
Overshoot2742,không liên quan
Overshoot2742,không liên quan
!KFGD23gRY!o9^9@#z,không liên quan
!KFGD23gRY!o9^9@#z,không liên quan
!KFGD23gRY!o9^9@#z,không liên quan
!KFGD23gRY!o9^9@#z,không liên quan
!KFGD23gRY!o9^9@#z,không liên quan
!KFGD23gRY!o9^9@#z,không liên quan
!KFGD23gRY!o9^9@#z,không liên quan
!KFGD23gRY!o9^9@#z,không liên quan
!KFGD23gRY!o9^9@#z,không liên quan
!KFGD23gRY!o9^9@#z,không liên quan
!KFGD23gRY!o9^9@#z,không liên quan
!KFGD23gRY!o9^9@#z,không liên quan
!KFGD23gRY!o9^9@#z,không liên quan
!KFGD23gRY!o9^9@#z,không liên quan
!KFGD23gRY!o9^9@#z,không liên quan
!KFGD23gRY!o9^9@#z,không liên quan
!KFGD23gRY!o9^9@#z,không liên quan
!KFGD23gRY!o9^9@#z,không liên quan
!KFGD23gRY!o9^9@#z,không liên quan
!KFGD23gRY!o9^9@#z,không liên quan
!KFGD23gRY!o9^9@#z,không liên quan
!KFGD23gRY!o9^9@#z,không liên quan
!KFGD23gRY!o9^9@#z,không liên quan
!KFGD23gRY!o9^9@#z,không liên quan
!KFGD23gRY!o9^9@#z,không liên quan
!KFGD23gRY!o9^9@#z,không liên quan
!KFGD23gRY!o9^9@#z,không liên quan
!KFGD23gRY!o9^9@#z,không liên quan
!KFGD23gRY!o9^9@#z,không liên quan
!KFGD23gRY!o9^9@#z,không liên quan
!KFGD23gRY!o9^9@#z,không liên quan
!KFGD23gRY!o9^9@#z,không liên quan
!KFGD23gRY!o9^9@#z,không liên quan
U9!SUR*8yB47E7Sdxi,không liên quan
U9!SUR*8yB47E7Sdxi,không liên quan
U9!SUR*8yB47E7Sdxi,không liên quan
U9!SUR*8yB47E7Sdxi,không liên quan
U9!SUR*8yB47E7Sdxi,không liên quan
U9!SUR*8yB47E7Sdxi,không liên quan
U9!SUR*8yB47E7Sdxi,không liên quan
U9!SUR*8yB47E7Sdxi,không liên quan
U9!SUR*8yB47E7Sdxi,không liên quan
U9!SUR*8yB47E7Sdxi,không liên quan
U9!SUR*8yB47E7Sdxi,không liên quan
U9!SUR*8yB47E7Sdxi,không liên quan
U9!SUR*8yB47E7Sdxi,không liên quan
U9!SUR*8yB47E7Sdxi,không liên quan
U9!SUR*8yB47E7Sdxi,không liên quan
U9!SUR*8yB47E7Sdxi,không liên quan
U9!SUR*8yB47E7Sdxi,không liên quan
DY8TFoVPC%P5b34jpbWzyX$c4nfH8y7uqns^54oARyr3GRZyqAGjBEMm8b*T#K$Hv,không liên quan
DY8TFoVPC%P5b34jpbWzyX$c4nfH8y7uqns^54oARyr3GRZyqAGjBEMm8b*T#K$Hv,không liên quan
DY8TFoVPC%P5b34jpbWzyX$c4nfH8y7uqns^54oARyr3GRZyqAGjBEMm8b*T#K$Hv,không liên quan
DY8TFoVPC%P5b34jpbWzyX$c4nfH8y7uqns^54oARyr3GRZyqAGjBEMm8b*T#K$Hv,không liên quan
DY8TFoVPC%P5b34jpbWzyX$c4nfH8y7uqns^54oARyr3GRZyqAGjBEMm8b*T#K$Hv,không liên quan
DY8TFoVPC%P5b34jpbWzyX$c4nfH8y7uqns^54oARyr3GRZyqAGjBEMm8b*T#K$Hv,không liên quan
DY8TFoVPC%P5b34jpbWzyX$c4nfH8y7uqns^54oARyr3GRZyqAGjBEMm8b*T#K$Hv,không liên quan
DY8TFoVPC%P5b34jpbWzyX$c4nfH8y7uqns^54oARyr3GRZyqAGjBEMm8b*T#K$Hv,không liên quan
DY8TFoVPC%P5b34jpbWzyX$c4nfH8y7uqns^54oARyr3GRZyqAGjBEMm8b*T#K$Hv,không liên quan
DY8TFoVPC%P5b34jpbWzyX$c4nfH8y7uqns^54oARyr3GRZyqAGjBEMm8b*T#K$Hv,không liên quan
DY8TFoVPC%P5b34jpbWzyX$c4nfH8y7uqns^54oARyr3GRZyqAGjBEMm8b*T#K$Hv,không liên quan
DY8TFoVPC%P5b34jpbWzyX$c4nfH8y7uqns^54oARyr3GRZyqAGjBEMm8b*T#K$Hv,không liên quan
DY8TFoVPC%P5b34jpbWzyX$c4nfH8y7uqns^54oARyr3GRZyqAGjBEMm8b*T#K$Hv,không liên quan
DY8TFoVPC%P5b34jpbWzyX$c4nfH8y7uqns^54oARyr3GRZyqAGjBEMm8b*T#K$Hv,không liên quan
DY8TFoVPC%P5b34jpbWzyX$c4nfH8y7uqns^54oARyr3GRZyqAGjBEMm8b*T#K$Hv,không liên quan
DY8TFoVPC%P5b34jpbWzyX$c4nfH8y7uqns^54oARyr3GRZyqAGjBEMm8b*T#K$Hv,không liên quan
DY8TFoVPC%P5b34jpbWzyX$c4nfH8y7uqns^54oARyr3GRZyqAGjBEMm8b*T#K$Hv,không liên quan
DY8TFoVPC%P5b34jpbWzyX$c4nfH8y7uqns^54oARyr3GRZyqAGjBEMm8b*T#K$Hv,không liên quan
DY8TFoVPC%P5b34jpbWzyX$c4nfH8y7uqns^54oARyr3GRZyqAGjBEMm8b*T#K$Hv,không liên quan
DY8TFoVPC%P5b34jpbWzyX$c4nfH8y7uqns^54oARyr3GRZyqAGjBEMm8b*T#K$Hv,không liên quan
DY8TFoVPC%P5b34jpbWzyX$c4nfH8y7uqns^54oARyr3GRZyqAGjBEMm8b*T#K$Hv,không liên quan
DY8TFoVPC%P5b34jpbWzyX$c4nfH8y7uqns^54oARyr3GRZyqAGjBEMm8b*T#K$Hv,không liên quan
DY8TFoVPC%P5b34jpbWzyX$c4nfH8y7uqns^54oARyr3GRZyqAGjBEMm8b*T#K$Hv,không liên quan
DY8TFoVPC%P5b34jpbWzyX$c4nfH8y7uqns^54oARyr3GRZyqAGjBEMm8b*T#K$Hv,không liên quan
DY8TFoVPC%P5b34jpbWzyX$c4nfH8y7uqns^54oARyr3GRZyqAGjBEMm8b*T#K$Hv,không liên quan
DY8TFoVPC%P5b34jpbWzyX$c4nfH8y7uqns^54oARyr3GRZyqAGjBEMm8b*T#K$Hv,không liên quan
DY8TFoVPC%P5b34jpbWzyX$c4nfH8y7uqns^54oARyr3GRZyqAGjBEMm8b*T#K$Hv,không liên quan
DY8TFoVPC%P5b34jpbWzyX$c4nfH8y7uqns^54oARyr3GRZyqAGjBEMm8b*T#K$Hv,không liên quan
B!#Hz7S2^@v3@Rd&676SLEqZqWH5DNi,không liên quan
B!#Hz7S2^@v3@Rd&676SLEqZqWH5DNi,không liên quan
B!#Hz7S2^@v3@Rd&676SLEqZqWH5DNi,không liên quan
B!#Hz7S2^@v3@Rd&676SLEqZqWH5DNi,không liên quan
B!#Hz7S2^@v3@Rd&676SLEqZqWH5DNi,không liên quan
B!#Hz7S2^@v3@Rd&676SLEqZqWH5DNi,không liên quan
B!#Hz7S2^@v3@Rd&676SLEqZqWH5DNi,không liên quan
B!#Hz7S2^@v3@Rd&676SLEqZqWH5DNi,không liên quan
B!#Hz7S2^@v3@Rd&676SLEqZqWH5DNi,không liên quan
B!#Hz7S2^@v3@Rd&676SLEqZqWH5DNi,không liên quan
B!#Hz7S2^@v3@Rd&676SLEqZqWH5DNi,không liên quan
B!#Hz7S2^@v3@Rd&676SLEqZqWH5DNi,không liên quan
B!#Hz7S2^@v3@Rd&676SLEqZqWH5DNi,không liên quan
B!#Hz7S2^@v3@Rd&676SLEqZqWH5DNi,không liên quan
B!#Hz7S2^@v3@Rd&676SLEqZqWH5DNi,không liên quan
B!#Hz7S2^@v3@Rd&676SLEqZqWH5DNi,không liên quan
B!#Hz7S2^@v3@Rd&676SLEqZqWH5DNi,không liên quan
B!#Hz7S2^@v3@Rd&676SLEqZqWH5DNi,không liên quan
B!#Hz7S2^@v3@Rd&676SLEqZqWH5DNi,không liên quan
B!#Hz7S2^@v3@Rd&676SLEqZqWH5DNi,không liên quan
B!#Hz7S2^@v3@Rd&676SLEqZqWH5DNi,không liên quan
B!#Hz7S2^@v3@Rd&676SLEqZqWH5DNi,không liên quan
B!#Hz7S2^@v3@Rd&676SLEqZqWH5DNi,không liên quan
B!#Hz7S2^@v3@Rd&676SLEqZqWH5DNi,không liên quan
B!#Hz7S2^@v3@Rd&676SLEqZqWH5DNi,không liên quan
B!#Hz7S2^@v3@Rd&676SLEqZqWH5DNi,không liên quan
B!#Hz7S2^@v3@Rd&676SLEqZqWH5DNi,không liên quan
B!#Hz7S2^@v3@Rd&676SLEqZqWH5DNi,không liên quan
B!#Hz7S2^@v3@Rd&676SLEqZqWH5DNi,không liên quan
B!#Hz7S2^@v3@Rd&676SLEqZqWH5DNi,không liên quan
B!#Hz7S2^@v3@Rd&676SLEqZqWH5DNi,không liên quan
hkLMm2^&@$Yn!uXVsV#DM^C79!i9aBK7AJ%on,không liên quan
hkLMm2^&@$Yn!uXVsV#DM^C79!i9aBK7AJ%on,không liên quan
hkLMm2^&@$Yn!uXVsV#DM^C79!i9aBK7AJ%on,không liên quan
hkLMm2^&@$Yn!uXVsV#DM^C79!i9aBK7AJ%on,không liên quan
hkLMm2^&@$Yn!uXVsV#DM^C79!i9aBK7AJ%on,không liên quan
hkLMm2^&@$Yn!uXVsV#DM^C79!i9aBK7AJ%on,không liên quan
hkLMm2^&@$Yn!uXVsV#DM^C79!i9aBK7AJ%on,không liên quan
hkLMm2^&@$Yn!uXVsV#DM^C79!i9aBK7AJ%on,không liên quan
hkLMm2^&@$Yn!uXVsV#DM^C79!i9aBK7AJ%on,không liên quan
hkLMm2^&@$Yn!uXVsV#DM^C79!i9aBK7AJ%on,không liên quan
hkLMm2^&@$Yn!uXVsV#DM^C79!i9aBK7AJ%on,không liên quan
hkLMm2^&@$Yn!uXVsV#DM^C79!i9aBK7AJ%on,không liên quan
hkLMm2^&@$Yn!uXVsV#DM^C79!i9aBK7AJ%on,không liên quan
hkLMm2^&@$Yn!uXVsV#DM^C79!i9aBK7AJ%on,không liên quan
hkLMm2^&@$Yn!uXVsV#DM^C79!i9aBK7AJ%on,không liên quan
hkLMm2^&@$Yn!uXVsV#DM^C79!i9aBK7AJ%on,không liên quan
hkLMm2^&@$Yn!uXVsV#DM^C79!i9aBK7AJ%on,không liên quan
hkLMm2^&@$Yn!uXVsV#DM^C79!i9aBK7AJ%on,không liên quan
hkLMm2^&@$Yn!uXVsV#DM^C79!i9aBK7AJ%on,không liên quan
hkLMm2^&@$Yn!uXVsV#DM^C79!i9aBK7AJ%on,không liên quan
hkLMm2^&@$Yn!uXVsV#DM^C79!i9aBK7AJ%on,không liên quan
hkLMm2^&@$Yn!uXVsV#DM^C79!i9aBK7AJ%on,không liên quan
hkLMm2^&@$Yn!uXVsV#DM^C79!i9aBK7AJ%on,không liên quan
hkLMm2^&@$Yn!uXVsV#DM^C79!i9aBK7AJ%on,không liên quan
hkLMm2^&@$Yn!uXVsV#DM^C79!i9aBK7AJ%on,không liên quan
hkLMm2^&@$Yn!uXVsV#DM^C79!i9aBK7AJ%on,không liên quan
hkLMm2^&@$Yn!uXVsV#DM^C79!i9aBK7AJ%on,không liên quan
hkLMm2^&@$Yn!uXVsV#DM^C79!i9aBK7AJ%on,không liên quan
hkLMm2^&@$Yn!uXVsV#DM^C79!i9aBK7AJ%on,không liên quan
hkLMm2^&@$Yn!uXVsV#DM^C79!i9aBK7AJ%on,không liên quan
hkLMm2^&@$Yn!uXVsV#DM^C79!i9aBK7AJ%on,không liên quan
hkLMm2^&@$Yn!uXVsV#DM^C79!i9aBK7AJ%on,không liên quan
hkLMm2^&@$Yn!uXVsV#DM^C79!i9aBK7AJ%on,không liên quan
hkLMm2^&@$Yn!uXVsV#DM^C79!i9aBK7AJ%on,không liên quan
62@&Mea*N*4XWTMT5dY2A$Dad,không liên quan
62@&Mea*N*4XWTMT5dY2A$Dad,không liên quan
62@&Mea*N*4XWTMT5dY2A$Dad,không liên quan
62@&Mea*N*4XWTMT5dY2A$Dad,không liên quan
62@&Mea*N*4XWTMT5dY2A$Dad,không liên quan
62@&Mea*N*4XWTMT5dY2A$Dad,không liên quan
62@&Mea*N*4XWTMT5dY2A$Dad,không liên quan
62@&Mea*N*4XWTMT5dY2A$Dad,không liên quan
62@&Mea*N*4XWTMT5dY2A$Dad,không liên quan
62@&Mea*N*4XWTMT5dY2A$Dad,không liên quan
62@&Mea*N*4XWTMT5dY2A$Dad,không liên quan
62@&Mea*N*4XWTMT5dY2A$Dad,không liên quan
62@&Mea*N*4XWTMT5dY2A$Dad,không liên quan
62@&Mea*N*4XWTMT5dY2A$Dad,không liên quan
62@&Mea*N*4XWTMT5dY2A$Dad,không liên quan
62@&Mea*N*4XWTMT5dY2A$Dad,không liên quan
62@&Mea*N*4XWTMT5dY2A$Dad,không liên quan
62@&Mea*N*4XWTMT5dY2A$Dad,không liên quan
62@&Mea*N*4XWTMT5dY2A$Dad,không liên quan
62@&Mea*N*4XWTMT5dY2A$Dad,không liên quan
62@&Mea*N*4XWTMT5dY2A$Dad,không liên quan
62@&Mea*N*4XWTMT5dY2A$Dad,không liên quan
62@&Mea*N*4XWTMT5dY2A$Dad,không liên quan
62@&Mea*N*4XWTMT5dY2A$Dad,không liên quan
62@&Mea*N*4XWTMT5dY2A$Dad,không liên quan
62@&Mea*N*4XWTMT5dY2A$Dad,không liên quan
62@&Mea*N*4XWTMT5dY2A$Dad,không liên quan
62@&Mea*N*4XWTMT5dY2A$Dad,không liên quan
62@&Mea*N*4XWTMT5dY2A$Dad,không liên quan
62@&Mea*N*4XWTMT5dY2A$Dad,không liên quan
62@&Mea*N*4XWTMT5dY2A$Dad,không liên quan
62@&Mea*N*4XWTMT5dY2A$Dad,không liên quan
62@&Mea*N*4XWTMT5dY2A$Dad,không liên quan
62@&Mea*N*4XWTMT5dY2A$Dad,không liên quan
62@&Mea*N*4XWTMT5dY2A$Dad,không liên quan
62@&Mea*N*4XWTMT5dY2A$Dad,không liên quan
62@&Mea*N*4XWTMT5dY2A$Dad,không liên quan
62@&Mea*N*4XWTMT5dY2A$Dad,không liên quan
';,không liên quan
',không liên quan
',không liên quan
l;,không liên quan
gh,không liên quan
f,không liên quan
gsdf,không liên quan
fga,không liên quan
gfsdgh,không liên quan
dsgd,không liên quan
g,không liên quan
sdfgds,không liên quan
fg,không liên quan
dsfg,không liên quan
sdfg,không liên quan
sd,không liên quan
gf,không liên quan
123\,không liên quan
",jk;l",không liên quan
123,không liên quan
wt,không liên quan
4235,không liên quan
354,không liên quan
235,không liên quan
asdf,không liên quan
Bvcx,không liên quan
cxv,không liên quan
3456,không liên quan
765346436,không liên quan
fg,không liên quan
dfs,không liên quan
hgj,không liên quan
asfd,không liên quan
,không liên quan
asdf,không liên quan
asdf,không liên quan
assdf,không liên quan
asd,không liên quan
fád,không liên quan
fád,không liên quan
f,không liên quan
jy,không liên quan
kiiyu,không liên quan
oi,không liên quan
p;,không liên quan
[--0,không liên quan
p',không liên quan
p,không liên quan
;p,không liên quan
;p,không liên quan
;'[,không liên quan
'[,không liên quan
'[,không liên quan
'[,không liên quan
'[,không liên quan
'[,không liên quan
'[,không liên quan
',không liên quan
['[,không liên quan
'[,không liên quan
'[,không liên quan
'[,không liên quan
'[,không liên quan
',không liên quan
[',không liên quan
[',không liên quan
[',không liên quan
[,không liên quan
'[]0,không liên quan
=-0,không liên quan
=0-,không liên quan
=0,không liên quan
-=0-,không liên quan
=,không liên quan
0-=,không liên quan
90-,không liên quan
89,không liên quan
079,không liên quan
6,không liên quan
8976,không liên quan
9,không liên quan
68,không liên quan
7,không liên quan
con chó ăn con gà ỉa ra con vịt ,không liên quan
con vịt kêu gâu gâu vì nó tưởng con chó là mẹ,không liên quan
con chó thấy kì kì nên con chó méc con gấu,không liên quan
"con gấu nhìn con vịt, thắc mắc",không liên quan
con vịt thấy con gấu ngu nên con vịt kêu gâu gâu,không liên quan
"con gấu tức giận, đánh con vịt",không liên quan
"con vịt đau, con vịt bỏ chạy, méc con chó",không liên quan
con chó cáu vì con gấu đánh vịt không nể mặt chó,không liên quan
con chó cắn con vịt?,không liên quan
con vịt đéo hiểu ,không liên quan
con vịt buồn,không liên quan
con vịt chui lại vào đít con chó. câu chuyện kết thục,không liên quan
,
,
,
,
,
,
,
,
,
,
,
,
,
,
,
,
,
,
,
,
,
,
,
,
,
,
,
,
,
,
,
,
,
,
,
,
,
,
,
,
,
,
,
,
,
,
,
,
,
,
,
,
,
,
,
,
,
,
,
,
,
,
,
,
,
,
,
,
,
,
,
,
,
,
,
,
,
,
,
,
,
,
,
,
,
,
,
,
,
,
,
,
,
,
,
,
,
,
,
,
,
,
,
,
,
,
,
,
,
,
,
,
,
,
,
,
,
,
,
,
,
,
,
,
,
,
,
,
,
,
,
,
,
,
,
,
,
,
,
,
,
,
,
,
,
,
,
,
,
,
,
,
,
,
,
,
,
,
,
,
,
,
,
,
,
,
,
,
,
,
,
,
,
,
,
,
,
,
,
,
,
,
,
,
,
,
,
,
,
,
,
,
,
,
,
,
,
,
,
,
,
,
,
,
,
,
,
,
,
,
,
,
,
,
,
,
,
,
,
,
,
,
,
,
,
,
,
,
,
,
,
,
,
,
,
,
,
,
,
,
,
,
,
,
,
,
,
,
,
,
,
,
,
,
,
,
,
,
,
,
,
,
,
,
,
,
,
,
,
,
,
,
,
,
,
,
,
,
,
,
,
,
,
,
,
,
,
,
,
,
,
,
,
,
,
,
,
,
,
,
,
,
,
,
,
,
,
,
,
,
,
,
,
,
,
,
,
,
,
,
,
,
,
,
,
,
,
,
,
,
,
,
,
,
,
,
,
,
,
,
,
,
,
,
,
,
,
,
,
,
,
,
,
,
,
,
,
,
,
,
,
,
,
,
,
,
,
,
,
,
,
,
,
,
,
,
,
,
,
,
,
,
,
,
,
,
,
,
,
,
,
,
,
,
,
,
,
,
,
,
,
,
,
,
,
,
,
,
,
,
,
,
,
,
,
,
,
,
,
,
,
,
,
,
,
,
,
,
,
,
,
,
,
,
,
,
,
,
,
,
,
,
,
,
,
,
,
,
,
,
,
