,
",",không liên quan
.,không liên quan
.,không liên quan
.,không liên quan
.,không liên quan
.,không liên quan
.,không liên quan
.,không liên quan
.,không liên quan
.,không liên quan
.,không liên quan
.,không liên quan
.,không liên quan
.,không liên quan
.,không liên quan
.,không liên quan
.,không liên quan
.,không liên quan
.,không liên quan
.,không liên quan
.,không liên quan
.,không liên quan
.,không liên quan
...,không liên quan
...,không liên quan
...,không liên quan
...,không liên quan
...,không liên quan
...,không liên quan
...,không liên quan
...,không liên quan
1 môn e học tận 3 giáo viên,rất tệ
1 vài lần giáo viên không đến lớp.thông báo học bù rồi lại không đến lớp nhìu lần,rất tệ
?,không liên quan
"As the most boring subject I have ever learned, when she comes to class, she just turn on the sound, we can not image the lecture, I can not improve any listening skill in Listening 5. ",rất tệ
Bad,rất tệ
"Bài giảng cứng nhắc, thiếu hoạt động trong lớp.",rất tệ
"Bài giảng dài dòng, thầy hay nói rất nhiều thay vì giảng bài học",rất tệ
Bài giảng khó hiểu,rất tệ
Bài hơi dài,rất tệ
"Bài học còn vài câu lủng củng, khó dịch",rất tệ
Bài học có phần khó hiểu và dễ nhầm lẫn,rất tệ
Bài kiểm tra cần được gần với nội dung học.,rất tệ
Bài tập hơi nhiều,rất tệ
Bài ôn tập nên bám sát hơn vào sách,rất tệ
Bám sát vào sách nhiều. ,rất tệ
Bổ sung thêm nhiều phương pháp dạy mới,rất tệ
"Cac chu de speaking can thuc te hon ,giang vien nhiet tinh trong cac tiet hoc",rất tệ
Can hoi nhung cau hoi kich thich hoc tap nhieu hon cho hoc sinh. hon la cu giang va giang.,rất tệ
Cách kiểm tra đánh giá không hợp lí. Một số bạn có thực lực học tốt nhưng điểm số lại thấp. Cách giảng dạy môn này sv không tích lũy được kinh nghiệm nhiều.,rất tệ
Cách tímh điểm không công bằng,rất tệ
Cho cá nhân lên nói nhiều hơn,rất tệ
"Cho thực hành thêm nhiều, bắt buộc sinh viên phải dịch bài, vì có nhiều sinh viên lợi dụng thiếu thời gian mà không thực hành phiên dịch.",rất tệ
Cho ôn đề cương không liên quan nhiều đến bài thi,rất tệ
Cho điểm không công bằng,rất tệ
Chu đáo,rất tệ
Chưa chuẩn bị giáo trình,rất tệ
Chưa hiểu lắm,rất tệ
Chưa hiểu rõ hết bài học!,rất tệ
Chưa hài lòng về cách làm tròn điểm của gv,rất tệ
Chưa hài lòng.,rất tệ
Chưa thực sự tốt,rất tệ
Chưa tiếp thu được nhiều kiến thức,rất tệ
Chủ đề viết báo cáo có thể do sinh viên tự tìm hiểu rồi xin ý kiến của giảng viên để viết.,rất tệ
Co nói hơi nhanh,rất tệ
Cách chấm điểm giữa kỳ của GV không hợp lý. Phổ biến điểm cộng vào buổi đầu nhưng đến ngày cuối lại bỏ hết điểm cộng của SV chỉ cộng cho 1 người! Trừ 2đ/buổi vắng là quá cao. Trong khi điểm kiểm tra kiến thức của SV vẫn đạt điểm trên 8 mà bị kéo xuống bởi điểm vắng mặt do có lí do khách quan.,rất tệ
"Cách dạy chưa chuyên nghiệp,lên lớp chỉ cho làm bài tập trên bảng rồi chép vào sách",rất tệ
Cách dạy chưa hay,rất tệ
Cách dạy của cô em chưa thể hiểu được,rất tệ
"Cách dạy của cô rất khó hiểu, gây nhiều áp lực cho sinh viên, số lượng kiến thức truyền đạt các bạn trong lớp không thể hiểu. Cô chỉ chửi mà không hướng dẫn 1 cách tận tình. ",rất tệ
Cách dạy của giảng viên tuy dễ hiểu nhưng không tạo được hứng thú cho sinh viên,rất tệ
Cách dạy hay...sách hơi giày,rất tệ
"Cách dạy không phù hợp giải thích lan man không liên quan tới nội dung của sách giáo trình, đề cương ôn thi thì toàn bộ sách trong khi chỉ dạy 2/4 bài trong sách giáo khoa. Trong khi môn này nhiều từ chuyên ngành nên nhiều khi không hiểu bài này nói gì mà cô cũng không giảng bài cụ thể ",rất tệ
Cách giảng dạy quá nhàm chán,rất tệ
"Cách giảng dậy chán, ghi sai chính tả RẤT NHIỀU, phát âm quá tệ.",rất tệ
Cách học cần sáng tạo hơn,rất tệ
Cách học từ vựng cần được tiến hành,rất tệ
"Cách phát âm kỳ lạ, dẫn tới khó nghe và khó hiểu. Cần chấm bài kỹ càng hơn, hạn chế sót điểm của sinh viên",rất tệ
"Cách phát âm tiếng Anh của giảng viên làm sinh viên khó hiểu, cần cải thiện phần phát âm hơn",rất tệ
Cần có thêm các hoạt động trong lớp,rất tệ
"Cô cho làm những bài kiểm tra mức độ khủng với rất nhiều kiến thức chỉ trong thời gian ngắn khiến sv không thể theo kịp, cô nói tiếng anh nhiều nhưng phát âm chưa chuẩn, sau đó phải lặp lại bằng tiếng việt. Dù mang tiếng là học reading nhưng lớp không hề được học về bất kì bài đọc nào trong sách, cô chỉ kêu lên bảng làm bài rồi sửa, không hề giảng dạy, nhưng ra đề kiểm tra thì trên mây, không thể đọc kịp đề. ",rất tệ
"Cô chưa dạy được những kĩ năng cần thiết khi mình là một Interpertor, mặc dù có 1 số bài giảng liên quan nhưng đa số sinh viên không được thực hành nhiều, môn này chủ yếu là khả năng nghe, hiểu và truyền đạt lại. Nhưng vô lớp đa số là dịch bài, cảm tưởng như đang học môn Translation",rất tệ
Cô chưa tận tình lắm,rất tệ
"Cô chưa đưa ra các ý cụ thể của bài,chỉ cho làm bài mà chưa giảng giải về kiến thức môn học nhiều",rất tệ
Cô cần có phương pháp dạy khoa học hơn,rất tệ
Cô cần dạy sinh động hơn,rất tệ
Cô cần dạy đúng vào trọng tâm hơn,rất tệ
Cô cần dễ chịu với sinh viên hơn một chút! Còn lại tôi đều hài lòng!,rất tệ
Cô dạy bài khá nhanh.,rất tệ
Cô dạy chưa hay,rất tệ
Cô dạy chưa thực sự có những bài giảng sâu rộng để giúp sinh viên có thêm nhiều kiến thức bên ngoài liên quan đến Nhật Bản,rất tệ
"Cô dạy chưa đủ chuyên môn  ,không chỉ nhiều cách đọc phương pháp cho học sinh ",rất tệ
Cô dạy còn chưa hiểu hơi mơ hồ,rất tệ
Cô dạy hơi buồn ngủ,rất tệ
Cô dạy hơi chán,rất tệ
Cô dạy hơi giới hạn trong sách . Và chưa rõ ràng,rất tệ
Cô dạy hơi khó hiểu,rất tệ
Cô dạy hơi nhanh,rất tệ
Cô dạy hơi nhanh k tiếp thu kịp,rất tệ
Cô dạy hơi nhanh nên bắt ko kịp,rất tệ
Cô dạy khó hiểu,rất tệ
"Cô dạy khó hiểu, nói tiếng hơi khó nghe",rất tệ
"Cô dạy không có nhiều nội dung trong sách, quá trinh chấm điểm giữa kì gat gao, không tạo điều kiện cho sinh viên.",rất tệ
Cô dạy không hay,rất tệ
"Cô dạy không hiểu bài, hay la mắng sv, cô không biết cách giảng dạy và truyền đạt sao cho sv hiểu cô đang nói gì",rất tệ
Cô dạy không kĩ bài học lắm,rất tệ
Cô dạy không tốt lắm,rất tệ
Cô dạy ko tốt,rất tệ
"Cô dạy nhàm chán, đi học đầy đủ cho điểm chuyên cần 0đ",rất tệ
Cô dạy nhàm chán. Sinh viên thấy buồn ngủ vô cùng. PPGD vô cùng tệ ,rất tệ
"Cô dạy nãn và buồn ngũ, giọng cô cứ ngang ngang kiễu đưa học sinh vào giấc ngũ.",rất tệ
Cô dạy phương pháp chưa phù hợp với sinh viên,rất tệ
Cô dạy rất nhàm chán ,rất tệ
Cô dạy rất nhàm chán ,rất tệ
"Cô dạy speaking nhưng cô nói rất ít .chỉ nói câu ngắn và chủ yếu nói tiếng Việt .tụi em cũng chẳng được học từ mới.cô quá dễ tính tới dễ dãi học sinh cứ nghỉ thoải mái chỉ kiểm tra mới đi học.cô ra đề nhưng không lường trước sinh viên hỏi đề giữ nguyên đề lớp kia,nên những bạn không biết gì cũng cao điểm thậm chí ghi sẵn đáp án ra giấy để nộp là điểm cao.hy vọng trường xếp cô Nguyễn Vũ Thanh Tuyền dạy speaking 3 vì cô dạy rất nghiêm mà lại rất hay ",rất tệ
"Cô dạy tạm ổn nhưng lượng bài quá nhiều và khó cô không thể cho cả lớp hiểu thông suốt , tất cả bị đưa vào việc học thuộc lòng , không tốt cho kiến thức và hiểu biết của sinh viên",rất tệ
Cô dạy tạm ổn!,rất tệ
Cô dạy tận tâm,rất tệ
"Cô dạy tập trung quá nhiều ve nội dung bài,  không hề chỉ kỹ năng reading. Phát âm cô tệ,  đọc sai hầu hết nên làm hs không muốn học.Reading nhưng cô lại dạy thiên về speaking quá nhiều.  Chấm điểm thì cô chấm ai cao thi cao, ai thap thi thap, diem tong ket rat vo li,chi doc diem cho sv nghe chu khong doc tung cot de hs cong lai kiem tra. Em khong mong duoc gap co nay nua! ",rất tệ
"Cô ghi nhầm buổi vắng. Mà ngày kí tên xác nhận điểm, cô chỉ nói cô lỡ stick vô rồi khôg sửa lại được.. thắc mắc vậy hôm đó tụi em kí tên xác nhận điểm quá trình như vậy có ý nghĩa gì. Cô ghi sai cũng không sửa lại được",rất tệ
Cô giảng bài hơi nhanh. ,rất tệ
Cô giảng bài khó hiểu,rất tệ
Cô giảng bài không hay lắm! ,rất tệ
Cô giảng không sinh động và rất buồn ngủ ,rất tệ
Cô nên cho điểm công bằng hơn,rất tệ
Cô nên dạy nhiệt tình hơn,rất tệ
Cô nên giảm bớt áp lực cho.sinh viên.hơn,rất tệ
Cô nên sôi nổi và hoà nhập hơn với sinh viên:,rất tệ
Cô nên tìm một phương pháp mới lạ nhằm thu hút SV hơn ,rất tệ
Cô nên tìm một phương pháp mới nhằm thu hút SV hơn,rất tệ
Cô nên tìm ra một phương pháp dạy mới để bài học mình bớt lý thuyết và khô khan hơn. Cũng như là cách cô giảng dạy nó cũng có phần hơi nhàm chán. ,rất tệ
Cô nên đổi cách lấy điểm làm bài tập của sinh viên bằng cách gọi đứng tại chỗ trả lời và hỏi tại sao biết như vậy thì sẽ hay hơn là cứ gọi lên bảng viết mà bạn đó chả hiểu gì. ,rất tệ
Cô nói khó nghe quá ,rất tệ
Cô nói khó nghe quá ,rất tệ
Cô phát âm sai rất nhiều,rất tệ
"Cô phát âm tiếng Anh không hiểu được, cách dạy như ở cấp 3. Nói "" we have "" liên tục, rồi sau đó là tiếng Việt. ",rất tệ
"Cô thiên vị, không công bằng, dạy chán, hỏi gì cug ko tra loi",rất tệ
Cấu trúc đề thi không giống với cấu trúc khi ôn ,rất tệ
Cần cho sinh viên nghe nhiều hơn.,rất tệ
Cần cho sinh viên nhiều cơ hội đứng trước lớp tận dụng khả năng nói của mình,rất tệ
Cần cho thêm tài liệu,rất tệ
Cần cung cấp từ vựng mới trước khi nghe. Tăng cương hoạt động nghe thay vì hoạt động nói.,rất tệ
Cần cân nhắc khi cho điểm sinh viên về điểm quá trình phần điểm danh trên lớp.Nên giới hạn bài học cho sinh viên kết thúc thi cuối kì để sinh viên tiện cho việc học và ôn thi cho tốt,rất tệ
Cần có nhiều hoạt động vừa học vừa chơi,rất tệ
Cần có phương pháp dạy năng động hơn,rất tệ
Cần có thêm thời gian cho sinh viên thực hành phiên dịch. Có một số sinh viên lợi dụng thiếu giờ mà không thực hành.,rất tệ
Cần có tiết học với giáo viên nước ngoài.,rất tệ
Cần có tài liệu rõ ràng hơn và đề ôn cụ thể,rất tệ
Cần có đề cương ôn thi,rất tệ
Cần cải thiện,rất tệ
Cần cải thiện cách giảng dạy,rất tệ
Cần dạy tập trung vào bài học và các nội dung thi hơn,rất tệ
Cần gia tăng tiết học..để giúp sv luyện nghe tốt hơn,rất tệ
Cần giáo viên người bản địa.,rất tệ
Cần giáo viên nhiệt huyết hơn với lớp,rất tệ
Cần giảng nhiệt tình hơn,rất tệ
Cần hướng dẫn tìm topic hay key-words như thế nào,rất tệ
Cần khách quan hơn trong thi cử,rất tệ
Cần mở rộng thêm từ vựng mới cho sinh viên trong quá trình giảng dạy ,rất tệ
Cần nhiều bài tập bên ngoài ,rất tệ
Cần nhiều bài tập liên quan kỳ kiểm tra cuối kỳ hơn.,rất tệ
Cần nhiều hoạt động thu hút sinh viên trong giờ học,rất tệ
Cần nhiều kiến thức và bài tập để học sinh thực hành,rất tệ
Cần nói vào trọng tâm của bài học hơn.,rất tệ
"Cần phải phân chia thời gian học lâu hơn nữa, với lượng giáo trình phải học xong 1 học kì thì quá lớn, sinh viên không thể theo kịp",rất tệ
Cần rút ngắn lại bài Research quá dài,rất tệ
Cần siết chặt vào khoảng điểm danh của môn này. Vì là môn tiếng Việt nên SV thường xuyên vắng trong ca học môn này/,rất tệ
Cần thêm thời gian cho môn học này,rất tệ
Cần thêm thời gian cho môn học này,rất tệ
Cần thầy cô quan tâm đến sinh viên nhiều hơn,rất tệ
Cần thực tập với giảng viên Nhật nhiều hơn,rất tệ
Cần thực tế nhiều hơn.,rất tệ
Cần tạo không khí học vui vẻ,rất tệ
Cần vui hơn,rất tệ
Cần xem xét lại cách giảng dạy.,rất tệ
Cần ít cứng rắn và ít nghiêm khắc hơn.,rất tệ
Cần ôn tập kỹ hơn trước khi kết thúc môn học.,rất tệ
"Cần được nghe nhiều hơn nữa, vì môn nghe rất khó mà sinh viên hiếm khi về nhà được nghe máy. Kiểm tra cần cho nghe nhiều lần!",rất tệ
Dạy khó hiểu ,rất tệ
Dạy không gây được hứng thú,rất tệ
Dạy không hiểu bài,rất tệ
Dạy ko hiểu,rất tệ
Giảng viên cần có phương pháp tăng cường khả năng reading cho sinh viên.,rất tệ
Giảng viên cần dạy thêm cho sinh viên hiểu về cách note-talking trong môn listening 4 này. Và cần nghiêm ngặt trong mỗi tiết kiểm tra thay vì ra ngoài chút rồi trở vào và sẽ có sinh viên chép bài lẫn nhau .Kết quả bài kiểm tra của những sinh viên đó bị ảo. Nhưng cô Loan cho điểm rất công bằng. Và nhiệt tình trong giảng dạy. ,rất tệ
Giảng viên cần giảng bài chậm lại chi sinh viên dễ hiểu,rất tệ
Giảng viên cần giảng dạy nhiều hơn. Đừng chỉ cho sv làm bài. Không học thêm được gì qua môn reading3.,rất tệ
Giảng viên cần giảng sâu hơn vào bài học ,rất tệ
Giảng viên cần hướng dẫn các phương pháp làm bài tập một cách rõ ràng để sinh viên có kĩ năng làm bài,rất tệ
Giảng viên cần hướng dẫn về những bài học chưa được học trên lớp.,rất tệ
Giảng viên cần khiến cho bài học trở nên thêm sinh động và tạo nhiều hứng thú hơn cho sinh viên,rất tệ
Giảng viên cần mở rộng thêm kiến thức về ngoài ,rất tệ
Giảng viên cần phát âm chuẩn hơn,rất tệ
Giảng viên cần quan tâm hơn đến những bạn học kém trong lớp,rất tệ
Giảng viên cần tạo thêm không khí cho tiết học đỡ nhàm chán,rất tệ
"Giảng viên dạy hay, dễ hiểu.",rất tệ
"Giảng viên dạy hay, dễ hiểu.",rất tệ
"Giảng viên dạy hay, dễ hiểu.",rất tệ
"Giảng viên dạy hay, dễ hiểu.",rất tệ
Giảng viên dạy hơi khó hiểu,rất tệ
Giảng viên dạy hơi khó hiểu.,rất tệ
Giảng viên dạy hơi nhanh,rất tệ
Giảng viên dạy khó hiểu,rất tệ
Giảng viên dạy khó hiểu,rất tệ
Giảng viên dạy khó hiểu ,rất tệ
"Giảng viên dạy khó hiểu, hơi bị chậm nhưng có tính công bằng.",rất tệ
Giảng viên dạy nãn và buồn ngũ.,rất tệ
Giảng viên dạy trong lớp và thi viết giống nhau sao thi lại điểm rất thấp,rất tệ
"Giảng viên hơi cứng nhắc, bị áp lực trong quá trình học",rất tệ
"Giảng viên không giảng dạy theo giáo trình, sinh viên không nắm được các kiến thức chính, Không phân bổ thời gian hợp lí cho 1 chương học dẫn đến việc chương quan trọng nhưng lại không giảng. Giang viên đi trễ 2 lần (1 lần 30 phút, 1 lần hơn 30 phút) nhưng chỉ có 1 lần là giải thích lý do nhưng lý do không chính đáng ( nhầm phòng dù đã đổi phòng được 2 buổi học). Nhưng khi sinh viên đến trễ lại không cho cơ hội giải thích dù trễ 5 phút, không cho sinh viên tham gia làm bài kiểm tra hôm đó. Không hợp lí trong việc đánh giá điểm giữa kì.",rất tệ
Giảng viên không lắng ngh sinh viên,rất tệ
Giảng viên nghỉ dạy quá nhiều buổi mà không thông báo với sinh viên. ,rất tệ
Giảng viên nên mở rộng bài hoch nhiều hơn. ,rất tệ
Giảng viên nên tạo điều kiện để sinh viên lấy điểm cộng hay gỡ điểm. ,rất tệ
Giảng viên rất nghiêm khắc & sinh viên luôn cảm thấy căng thẳng khi học Translation. ,rất tệ
Giảng viên sử dụng quá nhiều Tiếng Việt trong quá trình giảng dạy.,rất tệ
Giảng viên thiếu chú ý đến khả năng thẩm thấu của sinh viên.,rất tệ
"Giảng viên thiếu nhiệt tinh, kiến thức cơ bản còn sai sót, không tạo được hứng thú trong cách giảng dạy, thiếu trách nhiệm, nghỉ một buổi không phép, đi trễ hai buổi.",rất tệ
Giảng viên thiếu sự nhiệt tình trong việc truyền đạt kiến thức cũng như cách hướng dẫn chưa được cụ thể.,rất tệ
"Giảng viên yếu kém về mặt trình độ chuyên môn, đặc biệt ở phần Pronunciation. Môn này đòi hỏi phải có khả năng phát âm chuẩn, chính xác. Giảng viên không hỗ trợ thêm các kiến thức ngoài",rất tệ
"Gv cần đánh giá đúng năng lực của từng sv. Cần có tài liệu và ôn thi cụ thể cho Listening 5. Vì giữa Listening 4 và 5 thì cả 2 môn đều không có sự liên kết, khiến sv hơi ngỡ ngàng khi học giáo trình Listening 5.",rất tệ
Gv dạy không lôi cuốn. Hơi nhàm chán,rất tệ
Hy vọng không gặp lại thầy ở những học kỳ sau,rất tệ
Hơi bùn ngủ,rất tệ
Hơi khó,rất tệ
Hơi lý thuyết quá nên dễ bị khó tiếp thu,rất tệ
K,không liên quan
K,không liên quan
K,không liên quan
K,không liên quan
K,không liên quan
K,không liên quan
K,không liên quan
K,không liên quan
"Khoa nên đưa ra các chủ đề gần gũi với sinh viên hơn, hạn chế những chủ đề liên quan đến chính phủ nhà nước. Vì như vậy sẽ không công bằng khi thi, vì nhóm sẽ bốc đề dễ, nhóm thì sẽ bốc đề khó",rất tệ
Khó,rất tệ
Khó hiểu,rất tệ
Khó hiểu,rất tệ
Khó hiểu ,rất tệ
Khó qá,rất tệ
"Khó, nên có vốn từ vựng nhiều",rất tệ
Không công bằng trong việc đánh giá điểm,rất tệ
Không công bằng trong đánh giá điểm,rất tệ
Không hiểu bài,rất tệ
"Không nhiệt tình với sinh viên trong quá trình giảng dạy, không đồng tình với cách dạy của giáo viên..",rất tệ
"Không sinh động, kiến thức trong sách nhiều ",rất tệ
Không truyền tải được nội dung dạy tốt,rất tệ
"Không tôt lắm, dạy hơi nhanh, cần chú ý đến sinh viên có hiểu hay không",rất tệ
Không tốt,rất tệ
Không tốt,rất tệ
Không tốt,rất tệ
Không tốt,rất tệ
Không tốt,rất tệ
Không tốt lắm,rất tệ
Không tốt lắm,rất tệ
Không đồng ý ,rất tệ
Không đồng ý lắm với vách giảng dạy của giáo viên. Giáo viên quá chú trọng vào nghe dịch trong khi có một số học sinh không thể nghe hết từng chữ. ,rất tệ
Khốn có nhận.xét gì,rất tệ
Kiến thứ trong sách khá nhiều,rất tệ
Kiến thức khá nhiều,rất tệ
Kiến thức khá nhiều và đòi hỏi sinh viên tự nghiên cứu thêm ngoài giờ học nhưng nhìn chung rất mới lạ và bổ ích. ,rất tệ
"Kiến thức quá nhiều, sinh không biết nên tập trung vào vấn đề nào, đề ra thi khó",rất tệ
Kiểm tra nhiều lúc không được công bằng mấy bạn ngồi ở dưới có lợi hơn.,rất tệ
Ko nhiệt tình lắm ,rất tệ
Ko thích thầy này,rất tệ
Kĩ năng viết hầu như tất cả sinh viên còn yếu.nên học nhìu tiết trong tuần,rất tệ
Là gv tiếng nhật nhưng dậy nghe lại dùng sách hướng dẫn nên k đồng tình với cáh dậy của cô lắm,rất tệ
"Là một môn học khá khó đối. Nên có sự làm quen từ từ cho sinh viên với dạng môn học này. Chưa gì mới vào Interpretation ""1"" thôi, mà làm như sinh viên ai cũng cao siêu, nghe là có thể chép vèo vèo dịch được hết.",rất tệ
Lý thuyết nhiều nên đôi khi khó tiếp thu,rất tệ
Lượng kiến thức trong sách là chưa đủ.. Yêu cầu nhà trường giảng dạy bằng sách trình độ cao hơn !,rất tệ
"Lối truyền đạt của cô không được hay cho lắm , không tạo được không khí sinh động rất là buồn ngủ ",rất tệ
Lớp học ồn quá nên khi nghe khó,rất tệ
Môn học khó,rất tệ
Môn học khó,rất tệ
Môn học khó hiểu,rất tệ
Môn học khó hiểu,rất tệ
Môn học khó với khả năng sinh viên.,rất tệ
Môn học khó đòi hỏi kĩ năng viết tốt,rất tệ
Môn học khô khan,rất tệ
"Môn học không khó cũng không dễ, cô rất dễ chịu",rất tệ
Môn học không được dễ hiểu,rất tệ
Môn này rất khó,rất tệ
Môn này thực sự quá khó,rất tệ
"Nên 1 khoá  ""hướng dẫn làm báo cáo"" hoặc ""các phương pháp làm báo cáo"" cho sinh viên, trước khi bắt đầu học Reading5",rất tệ
Nên luyện nghe và nói nhiều hơn,rất tệ
"Nên sát hơn, giảng viên nên dạy chậm lại",rất tệ
"Nên thay thế bằng môn học thiết thực hơn. Hy vọng cô hạn chế sử dụng ví dụ tiếng Pháp, vì chuyên ngành là anh văn ạ.",rất tệ
Nên thực hành nói tiếng Anh nhiều hơn.,rất tệ
Nên tạo nhiều hứng thú và trình bày sinh động thêm nữa để thu hút sinh viên,rất tệ
Nên tổ chức kiểm tra nhiều hơn,rất tệ
Nếu cô có thể làm tiết học sinh động hơn thì em nghĩ sv sẽ rất thích học cô.,rất tệ
Nếu là giáo viên bản ngữ dạy thì tốt hơn,rất tệ
"Nội dung bài giàng còn quá lang mang, ko chú trọng được phần quan trọng",rất tệ
Nội dung bài giảng chưa rõ ràng,rất tệ
"Nội dung thi quá rộng, và thí sinh bị tủ đè quá nhiều. Thi tự luận thì cũng nên gom lại khu vực ôn thi cụ thể.",rất tệ
Phong cách speaking của thầy chưa thật sự khiến em có cảm hứng với môn học,rất tệ
Phuơng pháp dạy không hay và khó hiểu,rất tệ
"Phát âm của cô chưa được tốt, hơi khó nghe.",rất tệ
Phát âm sai quá nhiều,rất tệ
"Phát âm tệ, giảng dạy không sát bài học, thường chỉ cho slide rồi bảo thảo luận trong khi chẳng biết thảo luận như thế nào",rất tệ
Phương pháp dạy còn làm cho học sinh tính đối phó.,rất tệ
Quá khó!,rất tệ
Quá trình học khó khăn,rất tệ
SPEAKING CỦA GIẢNG VIÊN CÒN CHƯA TỐT LẮM,rất tệ
Thầy cần cải thiện giọng nói,rất tệ
Tiết học không thú vị ,rất tệ
"Tiết học nhàm chán, gây buồn ngủ",rất tệ
Tiết học và phưong pháp dạy không thú vị,rất tệ
Tôi không hài lòng,rất tệ
Y,không liên quan
Y,không liên quan
Y,không liên quan
Y,không liên quan
Y,không liên quan
Y,không liên quan
Y,không liên quan
Y,không liên quan
Yếu,rất tệ
Z,không liên quan
bad!,rất tệ
bài giảng còn hơi lộn xộn,rất tệ
bài giảng của giáo viên rất cuốn hút,rất tệ
chán,rất tệ
chưa giúp được sinh viên nhớ những kiến thức cần thiết để thi cuối kì,rất tệ
chưa hoàn thành việc giảng dạy,rất tệ
chưa hài lòng,rất tệ
chưa học nên chưa đưa ra ý kiến được,rất tệ
"chưa nhiệt tình, cách giảng dạy khiến sinh viên bùn ngủ, không thú vị",rất tệ
chưa thu hút sự tập trung của sinh viên,rất tệ
chưa thu hút được sinh viên tập trung vào bài giảng,rất tệ
chưa truyền đạt thông tin cần thiết cho sinh viên,rất tệ
chưa tốt,rất tệ
"chương trình dạy Reading 2 với kiến thức đầy đủ, giảng viên dạy rất hay và có kiến thức sâu rộng nên dễ hiểu bài",rất tệ
"chấm điểm theo cảm tính, lúc thuyết trình thì cô không chú ý vào bài của sinh viên, cho điểm không công bằng",rất tệ
chẳng ra làm sao hết.,rất tệ
có lẽ do em không phù hợp với cách dạy của cô em cảm thấy ngột mỗi khi có tiết cô đi bài nhanh ,rất tệ
có nhiều chỗ không hiều lắm ! ,rất tệ
cô dạy chán quá ,rất tệ
cô dạy chưa sâu sắc,rất tệ
cô dạy hơi buồn ngủ,rất tệ
cô dạy hơi nhanh nên em không hiểu lắm.hix,rất tệ
cô dạy hơn chán,rất tệ
cô dạy hấp dẩn,rất tệ
cô dạy khó hiểu,rất tệ
cô dạy khó hiểu,rất tệ
"cô dạy khó hiểu, sơ sài",rất tệ
cô dạy không hay,rất tệ
cô dạy không hiểu bài cho lắm,rất tệ
cô dạy không hiểu lắm nói chung chung làm cho sinh viên bị hoang mang trong cách làm bài báo cáo,rất tệ
cô dạy nhàm chán,rất tệ
"cô dạy rất buồn ngủ và không trình bày bài giảng rõ ràng, không giải thích câu hỏi, không nắm bắt được đặc trưng của môn học ",rất tệ
"cô dạy rất chán, chỉ lên sửa bài tập,kg giải thích cho SV tại sao lại chọn đáp án đó.",rất tệ
cô hơi gấp gáp mỗi lần kiểm tra,rất tệ
"cô hơi khó va khó chịu, nhưng lại dạy rất hay",rất tệ
cô hơi nghiêm khắc,rất tệ
cô hướng dẫn cách làm báo cáo cụ thể mà đợi đến những ngày gần nộp bài cô ms nói cách làm bài như thế nào khiến sinh viên hoang mang không thể sửa 1 bài báo cáo 40 trang trong vòng vài ngày ,rất tệ
cô không dạy gì chỉ bắt sinh viên phải tự làm lúc sữa bài thì cũng ko giảng lại. Đề giữa kì ra dài và khó,rất tệ
cô không dạy kĩ bài,rất tệ
cải thiện chất lượng âm thanh để nghe to rõ hơn ngay cả trong thi cử. Thi nghe tốt nhất là thi ở phòng máy và có tai nghe cá nhân.,rất tệ
cần cho nghe nhiều hơn,rất tệ
cần cho sinh viên đọc bài reading và trả lời câu hỏi trong giờ học để cải thiện kỹ năng đọc,rất tệ
cần cho thêm thời gian và những câu hỏi gợi ý để sinh viên luyện tập kỹ năng nói,rất tệ
cần chú ý phát âm hơi khó nghe,rất tệ
cần có cách giảng dạy thú vị hơn,rất tệ
cần có nhiều bài tập để luyện viết nhiều hơn,rất tệ
cần có nhiều công cụ phục vụ cho môn học,rất tệ
cần có nhiều công cụ phục vụ cho môn nghe,rất tệ
cần có thêm tài liẹu cho sinh viên,rất tệ
cần có thêm tài liệu cho sinh viên,rất tệ
cần có thêm tài liệu cho sinh viên,rất tệ
cần giáo viên có nhiều kỹ năng giảng dạy hơn,rất tệ
cần giảng bài vui vẻ và thu hút học sinh hơn,rất tệ
cần giảng sâu hơn,rất tệ
cần ngắn gọn và súc tích hơn về bài giảng và bài học,rất tệ
cần nhiều buổi học hơn,rất tệ
"cần sửa loa âm thanh để nghe listening được tốt hơn, không nên tổ chức sinh hoạt lớp bên cạnh lớp học listening vì không thể nghe được gì ngoài tiếng ồn",rất tệ
cần thay đổi thiết bị học tập tốt hơn,rất tệ
cần tài liệu tham khảo thực tế hơn,rất tệ
cần tìm thêm nhiều cách dạy mới để học sinh tiếp thu nhanh hơn,rất tệ
cần tóm tắt lại những gì quan trọng cho sinh viên ,rất tệ
cần tạo không khí sôi nổi nhiều hơn,rất tệ
cần tạo nhiều điện kiện hơn để sinh viên thực hành nói,rất tệ
cần tập trung vào kiến thức trong giáo trình để sinh viên dễ ôn tập cho kì thi cuối kì,rất tệ
cần đưa ra nhiều ví dụ cho sinh viên hiểu rỏ hơn về mỗi cấu trúc viết bài ,rất tệ
cần được nghe luyện nhiều hơn,rất tệ
dạy khó hiểu,rất tệ
dạy khó hiểu,rất tệ
"dạ,cần hệ thống bài hợp lý,không gom nhiều bài lại và dạy chạy nhanh ạ.",rất tệ
dạy buồn ngủ,rất tệ
dạy chán,rất tệ
dạy chưa hiểu ,rất tệ
dạy hơi buồn ngủ và khó hiểu,rất tệ
dạy khó hiểu ,rất tệ
dạy khó hiểu ,rất tệ
dạy không thu hút sinh viên . nhàm chán,rất tệ
dạy nhàm chán,rất tệ
dạy reading như dạy translation,rất tệ
"dạy sơ sài, thái độ không tốt trong việc giảng dạy và giải đáp thắc mắc cho sinh viên",rất tệ
dạy theo lối dịch viết dạy chán,rất tệ
em ko đồng ý cách dạy của cô.,rất tệ
giáo viên không cho sinh viên vào lớp khi đi trê 15p. nhung giáo viên 2 lân đi trê 30p và 45. ,rất tệ
"giáo viên không đi sâu vào vấn đề, lướt nhanh qua mỗi phần học. khó hiểu",rất tệ
"giáo viên luôn đi sớm và luôn giúp đỡ và lắng nghe ý kiến của sinh viên, luôn công bằng trong việc đánh giá.",rất tệ
"giảng viên dạy chán, ko đủ kiến thức chuyên môn",rất tệ
giảng viên dạy chưa nhiệt tình,rất tệ
"giảng viên dạy khó hiểu,không có nghiệp vụ sư phạm",rất tệ
giảng viên dạy không hiểu bài,rất tệ
giảng viên dạy không tốt lắm,rất tệ
"giảng viên dạy lang man, không đúng trọng tâm, thái độ không thân thiện, nói tiếng Anh dở.",rất tệ
"giảng viên không dạy bất cứ gì khi đứng lớp. rồi hôm sau cho kiểm tra, lên lớp chỉ gọi tên sinh viên lên bảng sửa bài, sai thì gọi bạn khác lên sửa lại. chỉ chú trọng hình thức còn về chất lượng hoàn toàn không có. tạo cảm giác sinh viên không muốn đến trường, nếu đến trường cũng chỉ vì để điểm danh. ",rất tệ
giảng viên không khách quan trong việc tính điểm quá trình cho sinh viên. chưa vô điểm trong danh sách lại cho sinh viên ký tên. đến lúc công bố kết quả trên Web trường thì lại bị mất 1 điểm so với điểm số ban đầu. hầu hết sinh viên trong lớp đều gặp tình trạng này.,rất tệ
giảng viên không tạo điều kiện cho sinh viên lấy điểm cũng như gỡ điểm,rất tệ
"giảng viên kiến thức sâu rộng, tận tâm với nghề. Gỉang dạy nhiệt tình.",rất tệ
giảng viên ko có trách nhiệm với lớp học,rất tệ
giảng viên luôn giúp đỡ sinh viên trong quá trình học tập,rất tệ
giọng cô nói tiếng anh không chuẩn lắm,rất tệ
giọng cô rất khó nghe,rất tệ
giọng thầy hơi khó nghe.,rất tệ
hơi khó tiếp thu,rất tệ
"hạn chế cho phép các sinh viên sử dụng DT trong giờ test, và sử dụng các bài test trong các kì thi IELTs, TOIEC v.v.. sinh viên có thể dò đc đáp án trên mạng",rất tệ
k,không liên quan
k,không liên quan
k,không liên quan
k,không liên quan
k,không liên quan
k,không liên quan
k,không liên quan
k,không liên quan
k ,không liên quan
k ,rất tệ
k tập trun vao bài nghe.chi tap trung từ vựng,rất tệ
không hay,rất tệ
không hài lòng cách dạy,rất tệ
không hài lòng khi giảng viên này dạy môn này.,rất tệ
không hài lòng lắm về việc dạy của cô,rất tệ
không hài lòng với cách dạy,rất tệ
không lắng nghe ý kiến sinh viên,rất tệ
không nhiệt tình,rất tệ
không nắm được kĩ năng scaning và skimming,rất tệ
không truyền đạt tốt,rất tệ
không tốt,rất tệ
không tốt,rất tệ
không tốt,rất tệ
"kiến thức truyền đạt lan man, không trọng tâm, không có hiệu quả. ",rất tệ
ko bám sat,rất tệ
ko chú ý SV,rất tệ
m,không liên quan
m,không liên quan
môn học ko nên có nhiều ví dụ về tiếng Pháp ,rất tệ
"môn học càn được đưa ra tài liệu phong phú hơn, vì thời gian mộn ca học môn viết còn dư khá nhiều, có thêm chêm thêm các kĩ năng phụ khác cho sinh viên vào giờ học này",rất tệ
môn học có nhiều lí thuyết. Mong giảng viên dành nhiều thời gian dạy lý thuyết hơn,rất tệ
"môn học có tính linh động thấp, quá phụ thuộc vào sách, khó học",rất tệ
"môn học cần phải có nhiêu thời gian hơn cho sinh viên , bài luận làm quá ít thời gian",rất tệ
môn học cần thêm bài tập và kiến thức thêm từ bên ngoài hơn,rất tệ
"môn học cần đi sâu hơn , môn học bị rút ngắn thời gian và nội dung",rất tệ
môn học rất chán,rất tệ
môn này không quá cần thiết sau khi ra trường.,rất tệ
môn này thầy dạy vô cùng chán. hầu hết trong lớp không thể hiểu bài. cách dạy của thầy không phù hợp với môn học. muốn thầy đổi cách thức khác hiệu quả hơn. ,rất tệ
môn này tại sao ngữ pháp lại gộp chung với phần viết. cô dạy ổn mà phải dạy nhanh cho kịp chương trình dẫn đến phần ngữ pháp chưa chắc lắm,rất tệ
mất nhận thức!!!!,rất tệ
"mỗi lần sv có thắc mắc gì về bài học, cô chỉ toàn la mắng, mà không giải thích liền tại sao lại như vậy, giảng bài nhàm chán, cho có và không truyền đủ kiến thức cho sv. Cho nghỉ không báo trước để mọi người lên trường hết mới nghe được thông báo từ văn phòng khoa. Khi cô cho học bù vẫn không thông báo chỉ việc đổ lỗi cho sv tại sao bữa đó không có mặt trên trường. Đến cuối buổi thuyết trình tới tận 7 nhóm và bắt mỗi nhóm trình bày ngắn gọn nhưng thời gian của buồi học dư hẳn hơn 45p và cô cho 1 nhóm của lớp khác vào lớp và thuyết trình 1 cách đầy đủ! mong bgh nhà trường xem xét lại",rất tệ
những cái đơn giản cô thường làm cho khó hiểu lên ,rất tệ
"những gì thầy nói trong lớp rất ít khi liên quan đến bộ môn theo học, kiến thức thì mờ mịt, chỉ giảng những thứ không liên quan, không lắng nghe sinh viên, kiến thức cá nhân mơ hồ và nhất là môn học rèn luyện sinh viên về văn phạm nhưng lại chỉ dịch bài ra thực sự không cần thiết đôi lúc còn dịch sai, không giúp được gì nhiều cho sinh viên trong bộ môn writing 1 ",rất tệ
những môn về nói cần hỗ trợ cho sinh viên những giảng viên nước ngoài để trau dồi hơn,rất tệ
nên có nhiều clip để minh họa cho bài học,rất tệ
nên có nhiều hoạt động liên quan đến môn học để việc tìm hiểu một văn hóa không còn trên sách vở,rất tệ
nên hướng dẫn bài học theo giáo trình,rất tệ
nên hợp đồng lâu dài với giảng viên này ,rất tệ
nên để sinh viên phát biểu nhiều hơn,rất tệ
nói,rất tệ
nội dung giảng dạy chưa hấp dẫn sinh viên,rất tệ
"nội dung ôn thi quá rộng, không biết mình nên học từ đâu ",rất tệ
"phát bài kiểm tra nhưng không cho sinh viên biết lỗi sai, cần khắc phục",rất tệ
phát âm không tốt,rất tệ
"phương pháp giảng dạy còn mơ hồ , chưa nắm rõ được bài học . giảng viên cần khắc phục điểm này ",rất tệ
"phương pháp truyền đạt của thầy rất nhàm chán. Tại sao reading lại bắt dịch từ đầu đến cuối, bước vô trong lớp điểm danh, dịch bài xong ra về mà vẫn ko giải thích rõ tại sao đúng hay sai. Phần chấm điếm thầy cũng không công tâm, cùng 1 đáp án giống nhau, mà điểm lại khác nhau",rất tệ
phần bài tập thầy cho kiểm tra giữa kỳ có cấu trúc không giống đề thi nên chúng em gặp nhiều khó khăn khi thi cuối kỳ,rất tệ
"quá khó,môi truong học tập không thoải mái",rất tệ
rat kho hieu,rất tệ
rất buồn ngủ :(,rất tệ
rất tệ,rất tệ
sinh viên cần được tiếp xúc với thực tế nhiều hơn.,rất tệ
"so boring, not interest",rất tệ
"sách giáo khoa còn nhiều hạn chế, chưa phục vụ được yêu cầu của người đọc.",rất tệ
sơ xài,rất tệ
"sắp xếp lớp học hợp lý hơn, những lớp bên cạnh quá ồn",rất tệ
số buổi học không đủ thời gian để hiểu hết các dạng văn bản viết,rất tệ
thầy dạy khó hiểu,rất tệ
thầy dạy khó hiểu,rất tệ
thầy dạy ko tốt,rất tệ
thầy vắng mặt không báo trước trên 3 buổi học làm sinh viên lên đến tận lớp phải quay về,rất tệ
"tiêu chí giảng dạy quá cao, dạy khó hiểu ",rất tệ
tiết học chán,rất tệ
tiết học chưa được thú vị cho lắm,rất tệ
tiết học còn nhàm chán,rất tệ
tiết học còn nhàm chán,rất tệ
tăng cường tính thực tế,rất tệ
tương đối tốt.,rất tệ
"vì kiến thức môn này quá là rộng sinh viên không thể tiếp thu nổi giáo trình, về học hết giáo trình để đi thi.",rất tệ
vì trang thiết bị bên A không tốt nên việc học chủ yếu qua máy chiếu bị hạn chế.,rất tệ
về phần môn này hầu hết là học về cách take notes khi nghe 1 bài. Nhưng cô không dạy về những cách đó mà chỉ cho lên bảng rồi viết những gì nghe được rồi lấy điểm nhóm. học như cô chỉ là 1 cách đối phó không hề có kết quả,rất tệ
"yêu cầu của cô cao nhưng lại không giảng dạy nhiệt , làm việc nửa vời",rất tệ
Áp lực thời gian,rất tệ
Ít thực hiện các bài nói!thầy cũng k nhiệt tình sửa bài khi nói sai,rất tệ
ít nhất 2 lần giảng viên đi muộn để sinh viên phải chờ. không nhiệt tình trong hoạt động giảng dạy trên lớp.,rất tệ
"いいです,",không liên quan
 không hài lòng lắm về cách dạy,rất tệ
,
,
,
,
,
,
,
,
,
,
,
,
,
,
,
,
,
,
,
,
,
,
,
,
,
,
,
,
,
,
,
,
,
,
,
,
,
,
,
,
,
,
,
,
,
,
,
,
,
,
,
,
,
,
,
,
,
,
,
,
,
,
,
,
,
,
,
,
,
,
,
,
,
,
,
,
,
,
,
,
,
,
,
,
,
,
,
,
,
,
,
,
,
,
,
,
,
,
,
,
,
,
,
,
,
,
,
,
,
,
,
,
,
,
,
,
,
,
,
,
,
,
,
,
,
,
,
,
,
,
,
,
,
,
,
,
,
,
,
,
,
,
,
,
,
,
,
,
,
,
,
,
,
,
,
,
,
,
,
,
,
,
,
,
,
,
,
,
,
,
,
,
,
,
,
,
,
,
,
,
,
,
,
,
,
,
,
,
,
,
,
,
,
,
,
,
,
,
,
,
,
,
,
,
,
,
,
,
,
,
,
,
,
,
,
,
,
,
,
,
,
,
,
,
,
,
,
,
,
,
,
,
,
,
,
,
,
,
,
,
,
,
,
,
,
,
,
,
,
,
,
,
,
,
,
,
,
,
,
,
,
,
,
,
,
,
,
,
,
,
,
,
,
,
,
,
,
,
,
,
,
,
,
,
,
,
,
,
,
,
,
,
,
,
,
,
,
,
,
,
,
,
,
,
,
,
,
,
,
,
,
,
,
,
,
,
,
,
,
,
,
,
,
,
,
,
,
,
,
,
,
,
,
,
,
,
,
,
,
,
,
,
,
,
,
,
,
,
,
,
,
,
,
,
,
,
,
,
,
,
,
,
,
,
,
,
,
,
,
,
,
,
,
,
,
,
,
,
,
,
,
,
,
,
,
,
,
,
,
,
,
,
,
,
,
,
,
,
,
,
,
,
,
,
,
,
,
,
,
,
,
,
,
,
,
,
,
,
,
,
,
,
,
,
,
,
,
,
,
,
,
,
,
,
,
,
,
,
,
,
,
,
,
,
,
,
,
,
,
,
,
,
,
,
,
,
,
,
,
,
,
,
,
,
,
,
,
,
,
,
,
,
,
,
,
,
,
,
,
,
,
,
,
,
,
,
,
,
,
,
,
,
,
,
,
,
,
,
,
,
,
,
,
,
,
,
,
,
,
,
,
,
,
,
,
,
,
,
,
,
,
,
,
,
,
,
,
,
,
,
,
,
,
,
,
,
,
,
,
,
,
,
,
,
,
,
,
,
,
,
,
,
,
,
,
,
,
,
,
,
,
,
,
,
,
,
,
,
,
,
,
,
,
,
,
,
,
,
,
,
,
,
,
,
,
,
,
,
,
,
,
,
,
,
,
,
,
,
,
,
,
,
,
,
,
,
,
,
,
,
,
,
,
,
,
,
,
,
,
,
,
,
,
,
,
,
,
,
,
,
,
,
,
,
,
,
,
,
,
,
,
,
,
,
,
,
,
,
,
,
,
,
,
,
,
,
,
,
,
,
,
,
,
,
,
,
,
,
,
,
,
,
,
,
,
,
,
,
,
,
,
,
,
,
,
,
,
,
,
,
,
,
,
,
,
,
,
,
,
,
,
,
,
,
,
,
,
,
,
,
,
,
,
,
,
,
,
,
,
,
,
,
,
,
,
,
,
,
,
,
,
,
,
,
,
,
,
,
,
,
,
,
,
,
,
,
,
,
,
,
,
,
,
,
,
,
,
,
,
,
,
,
,
,
,
,
,
,
,
,
,
,
,
,
,
,
,
,
,
,
,
,
,
,
,
,
,
,
,
,
,
,
,
,
,
,
,
,
,
,
,
,
,
,
,
,
,
,
,
,
,
,
,
,
,
,
,
,
,
,
,
,
,
,
,
,
,
,
,
,
,
,
,
,
,
,
,
,
,
,
,
,
,
,
,
,
,
,
,
,
,
,
,
,
,
,
,
,
,
,
,
,
,
,
,
,
,
,
,
,
,
,
,
,
,
,
,
,
,
,
,
,
,
,
,
,
,
,
,
,
,
,
,
,
,
,
,
,
,
,
,
,
,
,
,
,
,
,
,
,
,
,
,
,
,
,
,
,
,
,
,
,
,
,
,
,
,
,
,
,
,
,
,
,
,
,
,
,
,
,
,
,
,
,
,
,
,
,
,
,
,
,
,
,
,
,
,
,
,
,
,
,
,
,
,
,
,
,
,
,
,
,
,
,
,
,
,
,
,
,
,
,
,
,
,
,
,
,
,
,
,
,
,
,
,
,
,
,
,
,
,
,
,
,
,
,
,
,
,
,
,
,
,
,
,
,
,
,
,
,
,
,
,
,
,
,
,
,
,
,
,
,
,
,
,
,
,
,
,
,
,
,
,
,
,
,
,
,
,
,
,
,
,
,
,
,
,
,
,
,
,
,
,
,
,
,
,
,
,
,
,
,
,
,
,
,
,
,
,
,
,
,
,
,
,
,
,
,
,
,
,
,
,
,
,
,
,
,
,
,
,
,
,
,
,
,
,
,
,
,
,
,
,
,
,
,
,
,
,
,
,
,
,
,
,
,
,
,
,
,
,
,
,
,
,
,
,
,
,
,
,
,
,
,
,
,
,
,
,
,
,
,
,
,
,
,
,
,
,
,
,
,
,
,
,
,
,
,
,
,
,
,
,
,
,
,
,
,
,
,
,
,
,
,
,
,
,
,
,
,
,
,
,
,
,
,
,
,
,
,
,
,
,
,
,
,
,
,
,
,
,
,
,
,
,
,
,
,
,
,
,
,
,
,
,
,
,
,
,
,
,
,
,
,
,
,
,
,
,
,
,
,
,
,
,
,
,
,
,
,
,
,
,
,
,
,
,
,
,
,
,
,
,
,
,
,
,
,
,
,
,
,
,
,
,
,
,
,
,
,
,
,
,
,
,
,
,
,
,
,
,
,
,
,
,
,
,
,
,
,
,
,
,
,
,
,
,
,
,
,
,
,
,
,
,
,
,
,
,
,
,
,
,
,
,
,
,
,
,
,
,
,
,
,
,
,
,
,
,
,
,
,
,
,
,
,
,
,
,
,
,
,
,
,
,
,
,
,
,
,
,
,
,
,
,
,
,
,
,
,
,
,
,
,
,
,
,
,
,
,
,
,
,
,
,
,
,
,
,
,
,
,
,
,
,
,
,
,
,
,
,
,
,
,
,
,
,
,
,
,
,
,
,
,
,
,
,
,
,
,
,
,
,
,
,
,
,
,
,
,
,
,
,
,
,
,
,
,
,
,
,
,
,
,
,
,
,
,
,
,
,
,
,
,
,
,
,
,
,
,
,
,
,
,
,
,
,
,
,
,
,
,
,
,
,
,
,
,
,
,
,
,
,
,
,
,
,
,
,
,
,
,
,
,
,
,
,
,
,
,
,
,
,
,
,
,
,
,
,
,
,
,
,
,
,
,
,
,
,
,
,
,
,
,
,
,
,
,
,
,
,
,
,
,
,
,
,
,
,
,
,
,
,
,
,
,
,
,
,
,
,
,
,
,
,
,
,
,
,
,
,
,
,
,
,
,
,
,
,
,
,
,
,
,
,
,
,
,
,
,
,
,
,
,
,
,
,
,
,
,
,
,
,
,
,
,
,
,
,
,
,
,
,
,
,
,
,
,
,
,
,
,
,
,
,
,
,
,
,
,
,
,
,
,
,
,
,
,
,
,
,
,
,
,
,
,
,
,
,
,
,
,
,
,
,
,
,
,
,
,
,
,
,
,
,
,
,
,
,
,
,
,
,
,
,
,
,
,
,
,
,
,
,
,
,
,
,
,
,
,
,
,
,
,
,
,
,
,
,
,
,
,
,
,
,
,
,
,
,
,
,
,
,
,
,
,
,
,
,
,
,
,
,
,
,
,
,
,
,
,
,
,
,
,
,
,
,
,
,
,
,
,
,
,
,
,
,
,
,
,
,
,
,
,
,
,
,
,
,
,
,
,
,
,
,
,
,
,
,
,
,
,
,
,
,
,
,
,
,
,
,
,
,
,
,
,
,
,
,
,
,
,
,
,
,
,
,
,
,
,
,
,
,
,
,
,
,
,
,
,
,
,
,
,
,
,
,
,
,
,
,
,
,
,
,
,
,
,
,
,
,
,
,
,
,
,
,
,
,
,
,
,
,
,
,
,
,
,
,
,
,
,
,
,
,
,
,
,
,
,
,
,
,
,
,
,
,
,
,
,
,
,
,
,
,
,
,
,
,
,
,
,
,
,
,
,
,
,
,
,
,
,
,
,
,
,
,
,
,
,
,
,
,
,
,
,
,
,
,
,
,
,
,
,
,
,
,
,
,
,
,
,
,
,
,
,
,
,
,
,
,
,
,
,
,
,
,
,
,
,
,
,
,
,
,
,
,
,
,
,
,
,
,
,
,
,
,
,
,
,
,
,
,
,
,
,
,
,
,
,
,
,
,
,
,
,
,
,
,
,
,
,
,
,
,
,
,
,
,
,
,
,
,
,
,
,
,
,
,
,
,
,
,
,
,
,
,
,
,
,
,
,
,
,
,
,
,
,
,
,
,
,
,
,
,
,
,
,
,
,
,
,
,
,
,
,
,
,
,
,
,
,
,
,
,
,
,
,
,
,
,
,
,
,
,
,
,
,
,
,
,
,
,
,
,
,
,
,
,
,
,
,
,
,
,
,
,
,
,
,
,
,
,
,
,
,
,
,
,
,
,
,
,
,
,
,
,
,
,
,
,
,
,
,
,
,
,
,
,
,
,
,
,
,
,
,
,
,
,
,
,
,
,
,
,
,
,
,
,
,
,
,
,
,
,
,
,
,
,
,
,
,
,
,
,
,
,
,
,
,
,
,
,
,
,
,
,
,
,
,
,
,
,
,
,
,
,
,
,
,
,
,
,
,
,
,
,
,
,
,
,
,
,
,
,
,
,
,
,
,
,
,
,
,
,
,
,
,
,
,
,
,
,
,
,
,
,
,
,
,
,
,
,
,
,
,
,
,
,
,
,
,
,
,
,
,
,
,
,
,
,
,
,
,
,
,
,
,
,
,
,
,
,
,
,
,
,
,
,
,
,
,
,
,
,
,
,
,
,
,
,
,
,
,
,
,
,
,
,
,
,
,
,
,
,
,
,
,
,
,
,
,
,
,
,
,
,
,
,
,
,
,
,
,
,
,
,
,
,
,
,
,
,
,
,
,
,
,
,
,
,
,
,
,
,
,
,
,
,
,
,
,
,
,
,
,
,
,
,
,
,
,
,
,
,
,
,
,
,
,
,
,
,
,
,
,
,
,
,
,
,
,
,
,
,
,
,
,
,
,
,
,
,
,
,
,
,
,
,
,
,
,
,
,
,
,
,
,
,
,
,
,
,
,
,
,
,
,
,
,
,
,
,
,
,
,
,
,
,
,
,
,
,
,
,
,
,
,
,
,
,
,
,
,
,
,
,
,
,
,
,
,
,
,
,
,
,
,
,
,
,
,
,
,
,
,
,
,
,
,
,
,
,
,
,
,
,
,
,
,
,
,
,
,
,
,
,
,
,
,
,
,
,
,
,
,
,
,
,
,
,
,
,
,
,
,
,
,
,
,
,
,
,
,
,
,
,
,
,
,
,
,
,
,
,
,
,
,
,
,
,
,
,
,
,
,
,
,
,
,
,
,
,
,
,
,
,
,
,
,
,
,
,
,
,
,
,
,
,
,
,
,
,
,
,
,
,
,
,
,
,
,
,
,
,
,
,
,
,
,
,
,
,
,
,
,
,
,
,
,
,
,
,
,
,
,
,
,
,
,
,
,
,
,
,
,
,
,
,
,
,
,
,
,
,
,
,
,
,
,
,
,
,
,
,
,
,
,
,
,
,
,
,
,
,
,
,
,
,
,
,
,
,
,
,
,
,
,
,
,
,
,
,
,
,
,
,
,
,
,
,
,
,
,
,
,
,
,
,
,
,
,
,
,
,
,
,
,
,
,
,
,
,
,
,
,
,
,
,
,
,
,
,
,
,
,
,
,
,
,
,
,
,
,
,
,
,
,
,
,
,
,
,
,
,
,
,
,
,
,
,
,
,
,
,
,
,
,
,
,
,
,
,
,
,
,
,
,
,
,
,
,
,
,
,
,
,
,
,
,
,
,
,
,
,
,
,
,
,
,
,
,
,
,
,
,
,
,
,
,
,
,
,
,
,
,
,
,
,
,
,
,
,
,
,
,
,
,
,
,
,
,
,
,
,
,
,
,
,
,
,
,
,
,
,
,
,
,
,
,
,
,
,
,
,
,
,
,
,
,
,
,
,
,
,
,
,
,
,
,
,
,
,
,
,
,
,
,
,
,
,
,
,
,
,
,
,
,
,
,
,
,
,
,
,
,
,
,
,
,
,
,
,
,
,
,
,
,
,
,
,
,
,
,
,
,
,
,
,
,
,
,
,
,
,
,
,
,
,
,
,
,
,
,
,
,
,
,
,
,
,
,
,
,
,
,
,
,
,
,
,
,
,
,
,
,
,
,
,
,
,
,
,
,
,
,
,
,
,
,
,
,
,
,
,
,
,
,
,
,
,
,
,
,
,
,
,
,
,
,
,
,
,
,
,
,
,
,
,
,
,
,
,
,
,
,
,
,
,
,
,
,
,
,
,
,
,
,
,
,
,
,
,
,
,
,
,
,
,
,
,
,
,
,
,
,
,
,
,
,
,
,
,
,
,
,
,
,
,
,
,
,
,
,
,
,
,
,
,
,
,
,
,
,
,
,
,
,
,
,
,
,
,
,
,
,
,
,
,
,
,
,
,
,
,
,
,
,
,
,
,
,
,
,
,
,
,
,
,
,
,
,
,
,
,
,
,
,
,
,
,
,
,
,
,
,
,
,
,
,
,
,
,
,
,
,
,
,
,
,
,
,
,
,
,
,
,
,
,
,
,
,
,
,
,
,
,
,
,
,
,
,
,
,
,
,
,
,
,
,
,
,
,
,
,
,
,
,
,
,
,
,
,
,
,
,
,
,
,
,
,
,
,
,
,
,
,
,
,
,
,
,
,
,
,
,
,
,
,
,
,
,
,
,
,
,
,
,
,
,
,
,
,
,
,
,
,
,
,
,
,
,
,
,
,
,
,
,
,
,
,
,
,
,
,
,
,
,
,
,
,
,
,
,
,
,
,
,
,
,
,
,
,
,
,
,
,
,
,
,
,
,
,
,
,
,
,
,
,
,
,
,
,
,
,
,
,
,
,
,
,
,
,
,
,
,
,
,
,
,
,
,
,
,
,
,
,
,
,
,
,
,
,
,
,
,
,
,
,
,
,
,
,
,
,
,
,
,
,
,
,
,
,
,
,
,
,
,
,
,
,
,
,
,
,
,
,
,
,
,
,
,
,
,
,
,
,
,
,
,
,
,
,
,
,
,
,
,
,
,
,
,
,
,
,
,
,
,
,
,
,
,
,
,
,
,
,
,
,
,
,
,
,
,
,
,
,
,
,
,
,
,
,
,
,
,
,
,
,
,
,
,
,
,
,
,
,
,
,
,
,
,
,
,
,
,
,
,
,
,
,
,
,
,
,
,
,
,
,
,
,
,
,
,
,
,
,
,
,
,
,
,
,
,
,
,
,
,
,
,
,
,
,
,
,
,
,
,
,
,
,
,
,
,
,
,
,
,
,
,
,
,
,
,
,
,
,
,
,
,
,
,
,
,
,
,
,
,
,
,
,
,
,
,
,
,
,
,
,
,
,
,
,
,
,
,
,
,
,
,
,
,
,
,
,
,
,
,
,
,
,
,
,
,
,
,
,
,
,
,
,
,
,
,
,
,
,
,
,
,
,
,
,
,
,
,
,
,
,
,
,
,
,
,
,
,
,
,
,
,
,
,
,
,
,
,
,
,
,
,
,
,
,
,
,
,
,
,
,
,
,
,
,
,
,
,
,
,
,
,
,
,
,
,
,
,
,
,
,
,
,
,
,
,
,
,
,
,
,
,
,
,
,
,
,
,
,
,
,
,
,
,
,
,
,
,
,
,
,
,
,
,
,
,
,
,
,
,
,
,
,
,
,
,
,
,
,
,
,
,
,
,
,
,
,
,
,
,
,
,
,
,
,
,
,
,
,
,
,
,
,
,
,
,
,
,
,
,
,
,
,
,
,
,
,
,
,
,
,
,
,
,
,
,
,
,
,
,
,
,
,
,
,
,
,
,
,
,
,
,
,
,
,
,
,
,
,
,
,
,
,
,
,
,
,
,
,
,
,
,
,
,
,
,
,
,
,
,
,
,
,
,
,
,
,
,
,
,
,
,
,
,
,
,
,
,
,
,
,
,
,
,
,
,
,
,
,
,
,
,
,
,
,
,
,
,
,
,
,
,
,
,
,
,
,
,
,
,
,
,
,
,
,
,
,
,
,
,
,
,
,
,
,
,
,
,
,
,
,
,
,
,
,
,
,
,
,
,
,
,
,
,
,
,
,
,
,
,
,
,
,
,
,
,
,
,
,
,
,
,
,
,
,
,
,
,
,
,
,
,
,
,
,
,
,
,
,
,
,
,
,
,
,
,
,
,
,
,
,
,
,
,
,
,
,
,
,
,
,
,
,
,
,
,
,
,
,
,
,
,
,
,
,
,
,
,
,
,
,
,
,
,
,
,
,
,
,
,
,
,
,
,
,
,
,
,
,
,
,
,
,
,
,
,
,
,
,
,
,
,
,
,
,
,
,
,
,
,
,
,
,
,
,
,
,
,
,
,
,
,
,
,
,
,
,
,
,
,
,
,
,
,
,
,
,
,
,
,
,
,
,
,
,
,
,
,
,
,
,
,
,
,
,
,
,
,
,
,
,
,
,
,
,
,
,
,
,
,
,
,
,
,
,
,
,
,
,
,
,
,
,
,
,
,
,
,
,
,
,
,
,
,
,
,
,
,
,
,
,
,
,
,
,
,
,
,
,
,
,
,
,
,
,
,
,
,
,
,
,
,
,
,
,
,
,
,
,
,
,
,
,
,
,
,
,
,
,
,
,
,
,
,
,
,
,
,
,
,
,
,
,
,
,
,
,
,
,
,
,
,
,
,
,
,
,
,
,
,
,
,
,
,
,
,
,
,
,
,
,
,
,
,
,
,
,
,
,
,
,
,
,
,
,
,
,
,
,
,
,
,
,
,
,
,
,
,
,
,
,
,
,
,
,
,
,
,
,
,
,
,
,
,
,
,
,
,
,
,
,
,
,
,
,
,
,
,
,
,
,
,
,
,
,
,
,
,
,
,
,
,
,
,
,
,
,
,
,
,
,
,
,
,
,
,
,
,
,
,
,
,
,
,
,
,
,
,
,
,
,
,
,
,
,
,
,
,
,
,
,
,
,
,
,
,
,
,
,
,
,
,
,
,
,
,
,
,
,
,
,
,
,
,
,
,
,
,
,
,
,
,
,
,
,
,
,
,
,
,
,
,
,
,
,
,
,
,
,
,
,
,
,
,
,
,
,
,
,
,
,
,
,
,
,
,
,
,
,
,
,
,
,
,
,
,
,
,
,
,
,
,
,
,
,
,
,
,
,
,
,
,
,
,
,
,
,
,
,
,
,
,
,
,
,
,
,
,
,
,
,
,
,
,
,
,
,
,
,
,
,
,
,
,
,
,
,
,
,
,
,
,
,
,
,
,
,
,
,
,
,
,
,
,
,
,
,
,
,
,
,
,
,
,
,
,
,
,
,
,
,
,
,
,
,
,
,
,
,
,
,
,
,
,
,
,
,
,
,
,
,
,
,
,
,
,
,
,
,
,
,
,
,
,
,
,
,
,
,
,
,
,
,
,
,
,
,
,
,
,
,
,
,
,
,
,
,
,
,
,
,
,
,
,
,
,
,
,
,
,
,
,
,
,
,
,
,
,
,
,
,
,
,
,
,
,
,
,
,
,
,
,
,
,
,
,
,
,
,
,
,
,
,
,
,
,
,
,
,
,
,
,
,
,
,
,
,
,
,
,
,
,
,
,
,
,
,
,
,
,
,
,
,
,
,
,
,
,
,
,
,
,
,
,
,
,
,
,
,
,
,
,
,
,
,
,
,
,
,
,
,
,
,
,
,
,
,
,
,
,
,
,
,
,
,
,
,
,
,
,
,
,
,
,
,
,
,
,
,
,
,
,
,
,
,
,
,
,
,
,
,
,
,
,
,
,
,
,
,
,
,
,
,
,
,
,
,
,
,
,
,
,
,
,
,
,
,
,
,
,
,
,
,
,
,
,
,
,
,
,
,
,
,
,
,
,
,
,
,
,
,
,
,
,
,
,
,
,
,
,
,
,
,
,
,
,
,
,
,
,
,
,
,
,
,
,
,
,
,
,
,
,
,
,
,
,
,
,
,
,
,
,
,
,
,
,
,
,
,
,
,
,
,
,
,
,
,
,
,
,
,
,
,
,
,
,
,
,
,
,
,
,
,
,
,
,
,
,
,
,
,
,
,
,
,
,
,
,
,
,
,
,
,
,
,
,
,
,
,
,
,
,
,
,
,
,
,
,
,
,
,
,
,
,
,
,
,
,
,
,
,
,
,
,
,
,
,
,
,
,
,
,
,
,
,
,
,
,
,
,
,
,
,
,
,
,
,
,
,
,
,
,
,
,
,
,
,
,
,
,
,
,
,
,
,
,
,
,
,
,
,
,
,
,
,
,
,
,
,
,
,
,
,
,
,
,
,
,
,
,
,
,
,
,
,
,
,
,
,
,
,
,
,
,
,
,
,
,
,
,
,
,
,
,
,
,
,
,
,
,
,
,
,
,
,
,
,
,
,
,
,
,
,
,
,
,
,
,
,
,
,
,
,
,
,
,
,
,
,
,
,
,
,
,
,
,
,
,
,
,
,
,
,
,
,
,
,
,
,
,
,
,
,
,
,
,
,
,
,
,
,
,
,
,
,
,
,
,
,
,
,
,
,
,
,
,
,
,
,
,
,
,
,
,
,
,
,
,
,
,
,
,
,
,
,
,
,
,
,
,
,
,
,
,
,
,
,
,
,
,
,
,
,
,
,
,
,
,
,
,
,
,
,
,
,
,
,
,
,
,
,
,
,
,
,
,
,
,
,
,
,
,
,
,
,
,
,
,
,
,
,
,
,
,
,
,
,
,
,
,
,
,
,
,
,
,
,
,
,
,
,
,
,
,
,
,
,
,
,
,
,
,
,
,
,
,
,
,
,
,
,
,
,
,
,
,
,
,
,
,
,
,
,
,
,
,
,
,
,
,
,
,
,
,
,
,
,
,
,
,
,
,
,
,
,
,
,
,
,
,
,
,
,
,
,
,
,
,
,
,
,
,
,
,
,
,
,
,
,
,
,
,
,
,
,
,
,
,
,
,
,
,
,
,
,
,
,
,
,
,
,
,
,
,
,
,
,
,
,
,
,
,
,
,
,
,
,
,
,
,
,
,
,
,
,
,
,
,
,
,
,
,
,
,
,
,
,
,
,
,
,
,
,
,
,
,
,
,
,
,
,
,
,
,
,
,
,
,
,
,
,
,
,
,
,
,
,
,
,
,
,
,
,
,
,
,
,
,
,
,
,
,
,
,
,
,
,
,
,
,
,
,
,
,
,
,
,
,
,
,
,
,
,
,
,
,
,
,
,
,
,
,
,
,
,
,
,
,
,
,
,
,
,
,
,
,
,
,
,
,
,
,
,
,
,
,
,
,
,
,
,
,
,
,
,
,
,
,
,
,
,
,
,
,
,
,
,
,
,
,
,
,
,
,
,
,
,
,
,
,
,
,
,
,
,
,
,
,
,
,
,
,
,
,
,
,
,
,
,
,
,
,
,
,
,
,
,
,
,
,
,
,
,
,
,
,
,
,
,
,
,
,
,
,
,
,
,
,
,
,
,
,
,
,
,
,
,
,
,
,
,
,
,
,
,
,
,
,
,
,
,
,
,
,
,
,
,
,
,
,
,
,
,
,
,
,
,
,
,
,
,
,
,
,
,
,
,
,
,
,
,
,
,
,
,
,
,
,
,
,
,
,
,
,
,
,
,
,
,
,
,
,
,
,
,
,
,
,
,
,
,
,
,
,
,
,
,
,
,
,
,
,
,
,
,
,
,
,
,
,
,
,
,
,
,
,
,
,
,
,
,
,
,
,
,
,
,
,
,
,
,
,
,
,
,
,
,
,
,
,
,
,
,
,
,
,
,
,
,
,
,
,
,
,
,
,
,
,
,
,
,
,
,
,
,
,
,
,
,
,
,
,
,
,
,
,
,
,
,
,
,
,
,
,
,
,
,
,
,
,
,
,
,
,
,
,
,
,
,
,
,
,
,
,
,
,
,
,
,
,
,
,
,
,
,
,
,
,
,
,
,
,
,
,
,
,
,
,
,
,
,
,
,
,
,
,
,
,
,
,
,
,
,
,
,
,
,
,
,
,
,
,
,
,
,
,
,
,
,
,
,
,
,
,
,
,
,
,
,
,
,
,
,
,
,
,
,
,
,
,
,
,
,
,
,
,
,
,
,
,
,
,
,
,
,
,
,
,
,
,
,
,
,
,
,
,
,
,
,
,
,
,
,
,
,
,
,
,
,
,
,
,
,
,
,
,
,
,
,
,
,
,
,
,
,
,
,
,
,
,
,
,
,
,
,
