Nhận xét,
 ,không liên quan
 ,không liên quan
 ,không liên quan
 ,không liên quan
 ,không liên quan
 ,không liên quan
 ,không liên quan
 ,không liên quan
 ,không liên quan
 ,không liên quan
 ,không liên quan
  ,không liên quan
  ,không liên quan
  ,không liên quan
  ,không liên quan
  ,không liên quan
   ,không liên quan
                    ,không liên quan
 ....,không liên quan
 không có ý kiến,bình thường
- Không có ý kiến khác ạ.,bình thường
- Không có ý kiến khác.,bình thường
 mất mạng,tệ
 phù hợp trong tình hình dịch bệnh ,tốt
 tốt,tốt
 tốt,tốt
" Ưu điểm: khả năng giảm thiểu chi phí đi lại, tiết kiệm được thời gian và không gian học tập... Nhược điểm: Môi trường học không kích thích được sự chủ động và sáng tạo của học viên...  Kết quả so với học trực tiếp tại lớp: kết quả cao hơn học trực tiếp",rất tốt
(Không có),bình thường
",",không liên quan
",",không liên quan
.,không liên quan
.,không liên quan
.,không liên quan
.,không liên quan
.,không liên quan
.,không liên quan
.,không liên quan
.,không liên quan
.,không liên quan
.,không liên quan
.,không liên quan
.,không liên quan
.,không liên quan
.,không liên quan
.,không liên quan
.,không liên quan
.,không liên quan
.,không liên quan
.,không liên quan
.,không liên quan
.,không liên quan
.,không liên quan
.,không liên quan
.,không liên quan
.,không liên quan
.,không liên quan
.,không liên quan
.,không liên quan
.,không liên quan
.,không liên quan
.,không liên quan
.,không liên quan
.,không liên quan
.,không liên quan
.,không liên quan
.,không liên quan
.,không liên quan
.,không liên quan
.,không liên quan
.,không liên quan
.,không liên quan
.,không liên quan
.,không liên quan
.,không liên quan
.,không liên quan
.,không liên quan
.,không liên quan
.,không liên quan
.,không liên quan
.,không liên quan
.,không liên quan
.,không liên quan
.,không liên quan
.,không liên quan
.,không liên quan
.,không liên quan
.,không liên quan
.,không liên quan
.,không liên quan
.,không liên quan
.,không liên quan
. ,không liên quan
..,không liên quan
...,không liên quan
...,không liên quan
...,không liên quan
...,không liên quan
....,không liên quan
....,không liên quan
....,không liên quan
.không có ý kiến ,bình thường
/,không liên quan
0,không liên quan
0,không liên quan
0,không liên quan
0,không liên quan
a,không liên quan
a,không liên quan
a,không liên quan
a,không liên quan
a,không liên quan
a,không liên quan
a,không liên quan
Bài giảng cụ thể,tốt
Bạqn,không liên quan
Bình thường,bình thường
Bình thường,bình thường
Bình thường,bình thường
Bình thường,bình thường
bình thường,bình thường
Bình thường,bình thường
Bình thường,bình thường
Bình thường,bình thường
Bình thường,bình thường
bình thường,bình thường
bình thường,bình thường
Bình thường ,bình thường
Các bạn giao lưu với nhau tốt,rất tốt
Các bạn hoà ngủ vui vẻ trao đôi ới thầy,rất tốt
cách chấm điểm nên được công bằng và minh bạch hơn,rất tệ
cải thiện điểm,tốt
Cải thiện hơn,tốt
cần cho bài tập và kiểm tra nhiều hơn ,tệ
Cần chuyển qua ứng dụng học online khác đỡ giật lag hơn,rất tệ
Cần chuyển sang ứng dụng học online khác đỡ giật lag hơn,rất tệ
Cần có phương pháp đánh giá điểm khách quan hơn,rất tệ
Cần có phương pháp đánh giá điểm khách quan hơn,rất tệ
Cần có phương pháp đánh giá điểm khách quan hơn,rất tệ
Cần đưa học online thành 1 tùy chọn cho các sinh viên có nhu cầu,không liên quan
Cần ghi lại những tiết học để sinh viên có thể nghe lại ,tệ
Cần ổn định đường truyền hơn,tệ
cao hơn điểm học trực tiếp,tốt
chất lượng học vẫn tốt nhưng không bằng với việc học trực tiếp,bình thường
Cho sinh viên năm nhất học onl hết năm nay đi trường ơi,không liên quan
cho xem nhiều video sát thực tế,tốt
Cô dạy dễ hiểu,rất tốt
Cô dạy dễ hiểu,rất tốt
Cô dạy tốt,tốt
"cô dễ thương, nhiệt tình",rất tốt
Cô nên gửi cho các bạn slide,không liên quan
"Cô nhiệt tình, công bằng",rất tốt
"Có nhiều nhược điểm hơn ưu điểm, vì vậy nên cho sinh viên quay lại trường học tập",rất tệ
Có nhiều nội dung bổ ích cho sinh viên khi gặp vấn đề ở thực tế,rất tốt
có nhìu tiếng động,tệ
có thể xem lại bài giảng khi kết thúc buổi học,tốt
Có tiến bộ rõ ràng ở một số khía cạnh ,tốt
"Cô vui tính, tận tình, điểm số cao",rất tốt
cúp điện,tệ
d,không liên quan
d,không liên quan
d,không liên quan
Dạ,không liên quan
Dạ,không liên quan
Dạ em không,bình thường
Dạ em không có ý kiến,bình thường
Dạ em không có ý kiến ạ!,bình thường
Dạ không,bình thường
Dạ không,bình thường
Dạ không,bình thường
Dạ không,bình thường
Dạ không,bình thường
dạ không ,bình thường
Dạ không ,bình thường
dạ không ạ,bình thường
dạ không ạ,bình thường
dạ không ạ,bình thường
Dạ không có,bình thường
Dạ không có ,bình thường
Dạ không có ạ,bình thường
dạ không có ý kiến ạ,bình thường
dạ không có ý kiến ạ ,bình thường
dạ khonong có ạ,bình thường
dạ ko có ạ,bình thường
Dạ ổn lắm ạ,tốt
Dạ ổn rồi ạ,tốt
Dạ rất tuyệt vời ạ.,rất tốt
Dạ tốt,tốt
đảm bảo sức khoẻ,rất tốt
Dạy rất nhanh,tệ
dễ có sự tập trung hơn học trực tiếp,tốt
"Dễ dàng học tập, không mất công sức và thời gian đến tận trường",rất tốt
Dễ dàng thuận tiện và an toàn hơn đi học ở trường,rất tốt
Dễ dàng thuận tiện và an toàn hơn đi học ở trường,rất tốt
Dễ dàng thuận tiện và an toàn hơn đi học ở trường,rất tốt
Dễ đến lớp khuyết điểm là mạng,tốt
Dễ hiểu,tốt
Dễ hiểu ,tốt
"Dễ hiểu, điểm cao  giáo viên nhiệt tình",rất tốt
Dễ lưu trữ,tốt
Dễ lưu trữ,tốt
đề mở nên điểm khá cao ,rất tốt
Đề nghị nộp bài qua google classroom thay vì mail . Vì có một số bạn sài đt k thể coppy mail gây mất bài gửi k đúng địa chỉ,rất tệ
"dễ phân bổ thời gian, mạng không ổn định",bình thường
"dễ tập trung hơn trên lớp, điểm cao hơn trên lớp",rất tốt
Dễ tiếp cận và giao tiếp trực tiếp với giảng viên,rất tốt
Dễ tiếp thu,tốt
"dễ tương tác, chưa hiểu hết những gì mà giảng viên muốn truyền đạt",không liên quan
dhhd,không liên quan
"Di chuyển dễ dàng hơn, khó khăn tiếp thu bài hơn offline",tệ
Dịch bệnh vẫn còn nên học online là cách học an toàn nhất hiện nay,không liên quan
Dịch bệnh vẫn còn như hiện nay thì rất thích hợp cho việc học online,không liên quan
điểm cao,tốt
điểm danh nên hiểu cho sinh viên vì nhiều lý do mà không thể đỡ được,bình thường
Điểm như trên lớp ,bình thường
điểm ổn,tốt
điểm từ trung bình đến cao,tốt
điểm từ trung bình tới cao,tốt
Điểm tương tự trên lớp ,bình thường
điện mạng và không gian nhiều bất cập,bình thường
"do dịch bệnh càng ngày càng có nhiều biến chủng mới hơn, mong trường xem xét cho sinh viên được lựa chọn cách thức tham gia học phần online hoặc offline",không liên quan
"do học onl nên chấm điểm bài kiểm tra không chi tiết, không biết mình sai chỗ nào",bình thường
"Do thầy đã áp dụng công cụ giảng dạy vo cùng tiện ích nên việc học rất dễ dàng, kết quả còn lại là do ở sinh viên, nhưng học trực tiếp chắc sẽ ổn hơn",tốt
Đổi ca sẽ đỡ mệt hơn,tốt
"Đối với em thì học online khá là hiệu quả ạ, em tiếp thu bài rất tốt. ",rất tốt
"Dù sao thì cô giáo quá tuyệt vời, iu cô",rất tốt
được,bình thường
được,bình thường
được,bình thường
Đường truyền,không liên quan
đường truyền hay bị mất ,tệ
đường truyền kém,tệ
đường truyền kém và không hiệu quả,rất tệ
"đường truyền không ổn định, có thể bị bỏ lỡ bài giảng",rất tệ
đường truyền mạng kém,tệ
Đường truyền mạng không ổn định,tệ
Đường truyền thường mất ổn định,rất tệ
"E ko có đố góp gì ạ,ổn rồi",bình thường
Em không có ý kiến,bình thường
Em không có ý kiến,bình thường
em không có ý kiến,bình thường
Em không có ý kiến,bình thường
em không có ý kiến,bình thường
em không có ý kiến,bình thường
em không có ý kiến,bình thường
em không có ý kiến,bình thường
em không có ý kiến,bình thường
Em không có ý kiến ,bình thường
Em khong có ý kiến ạ,bình thường
Em không có ý kiến ạ,bình thường
Em không có ý kiến ạ,bình thường
em không có ý kiến ạ,bình thường
em không có ý kiến ạ,bình thường
em không có ý kiến ạ,bình thường
em không có ý kiến ạ,bình thường
Em không có ý kiến gì ạ,bình thường
em không có ý kiến gì thêm,bình thường
em không có ý kiến gì thêm,bình thường
em không có ý kiến gì thêm,bình thường
Em không có ý kiến gì thêm ạ!,bình thường
Em ko cmr nhé😂❤️,bình thường
Em ko có ý kiến,bình thường
Em mong muốn tiếp tục có thể học online,tệ
em mong nhà trường cho học online ,tệ
Em mong vẫn tiếp tục học online do tình hình dịch,tệ
em muốn học off,tệ
em rất hài lòng với việc học online này,rất tốt
Em thấy giờ là ổn,bình thường
em thấy nhà trường đang làm rất tốt phần này,rất tốt
"em thấy việc học online cũng rất tốt, thầy cô rất nhiệt tình trong việc truyền tải kiến thức và giúp đỡ sinh viên ạ",rất tốt
Em vẫn hy vọng (ngoại trừ các môn thể chất) nhà trường tiếp tục cho các bạn sinh viên được học online do em thấy dịch bệnh dễ lây ạ,tệ
gf,không liên quan
giải thích bài giảng rõ hơn để sinh viên hiểu sâu hơn,rất tốt
giảm học phí cơ sở vật chất cho sinh viên,tệ
Giảm học phí do không sử dụng cơ sở vật chất của trường.,bình thường
giảng viên dạy quá tốt giúp sv dễ hiểu bài ,rất tốt
giảng viên không nhiệt tình hay cáu gắt với sinh viên khi sinh viên thắc mắc 1 vấn đề nào đó ,bình thường
Giao tiếp với nhau qua màn hình sẽ rất khó để có thể hiểu được tâm lý và tình trạng của sinh viên ,rất tệ
giáo viên giao lưu nhiều hơn với học sinh nữa ạ,tốt
giáo viên giao lưu nhiều hơn với học sinh nữa ạ,tốt
"Giáo viên luôn cáo gắt khi sinh viên thắc mắc , không công bằng , không giải quyết được vấn đề cho sinh viên, ",rất tệ
"giáo viên nhiệt tình, dễ hiểu, vui vẻ, ",rất tốt
"Giúp cải thiện kỹ năng thuyết trình , tiếp thu những kiến thức bổ ích về môn Quản trị học.",rất tốt
Good,tốt
Gv cần tương tác hình ảnh sống động hơn với SV,tốt
H,không liên quan
H,không liên quan
hạn chế bài học vì quá tải,không liên quan
hạn chế không được đến trường,không liên quan
Hic,không liên quan
hiểu bài hơn ,tốt
Hiểu lâu hơn hơn học trên lớp,tốt
Hiệu suất học trực tuyến tinh thần tự giác được nâng cao hơn,tốt
hình thức học khá ổn so với trên lớp,tốt
hình thức học và thi online có thể không đánh giá chính xác năng lực của sinh viên,tệt
Hình thức nào cũng có ưu và nhược điểm và tuỳ vào mỗi người cảm nhận ạ,bình thường
hình thức thi online có thể đánh giá không chính xác năng lực của sinh viên,tệ
hình thức thi online có thể không đánh giá chính xác chất lượng của sinh viên,tệ
Hoàn toàn đồng ý với cách giảng dạy của sinh viên,không liên quan
Học,không liên quan
Học,không liên quan
"Học dễ hiểu, dễ làm bài học off khiến mình tập trung nhiều hơn ít bị chi phối",tốt
học dễ mất kết nối,tệ
học hiểu bài,tốt
học ở nhà khó tập trung hơn ở trên lớp,tốt
Học off đi ạ,tệ
Học ol thì kết quả tốt hơn học ở trên lớp mỗi tội kiến thức thì hơi khó tiếp thu do đã quen với việc học trên lớp,tốt
Học onl chiếm 50%,không liên quan
học onl dễ tiếp thu ,tốt
Học onl điểm cao hơn trên lớp,tốt
"học onl hay mất wifi, mất kết nối, ",tệ
Học onl không hiểu quả bằng học off,tệ
Học onl mạng hay chập chờn gây khó khăn cho việc học,rất tệ
"học onl nên chọn ra những giảng viên có tâm và có tầm, k nên chọn những giảng viên không nhiệt tình, không có chuyên môn như NMHT gây mất chất lượng ",rất tệ
Học onl nhiều điểm không thể rõ ràng bằng học off,tệ
Học onl phù hợp với tình hình dịch bệnh hiện nay ,tốt
Học onl thì không tương tác trao đổi nhiều được với mọi người,tệ
"Học onl với em rất ổn , trường có thể nào cho học onl hết năm nay luôn cũng được",rất tốt
học online cũng đạt kết quả khá tốt so với học trên lớp ạ,tốt
"học online đã khó rồi, còn khắc khe trong giảng dạy quá",rất tệ
học online dễ dàng hơn,tốt
học online dễ hiểu,tốt
Học online dễ tiếp thu hơn học tại lớp ,tốt
Học online dễ tiếp thu vì sinh viên có thể xem đi xem lại nhiều lần để hiểu bài,tốt
Học online điểm được cải thiện rất nhiều,rất tốt
Học online điểm khá thấp,tệ
Học online điểm khá thấp so với học offline,tệ
Học online điểm khá thấp so với học offline,tệ
Học online điểm khá thấp so với học offline,tệ
Học online giúp em dễ dàng quản lí thời gian và tập trung hơn khi đến lớp học.,tốt
Học online giúp sinh viên nghòe có thể riêpa tục học,tôt
học online hiệu quả hơn,tốt
học online hiệu quả hơn,tốt
Học online hiệu quả hơn ạ,tốt
"học online k bị bó buộc bởi thời gian và địa điểm học , tiết kiệm được chi phí đi lại ",rất tốt
"học online k bị bó buộc bởi thời gian và địa điểm học , tiết kiệm được chi phí đi lại ",rất tốt
học online kết quả tốt hơn vì có nhiều thời gian tìm hiểu môn học nhiều hơn,rất tốt
học online khá tiện lợi nhưng lượng kiến thức sinh viên nắm được không bằng học trực tiếp,bình thường
học online khá tiện lợi nhưng lượng kiến thức sinh viên nắm được không bằng học trực tiếp,bình thường
Học online khó tiếp cận bài học ,tệ
Học online khó tiếp thu ,tệ
Học online khó tiếp thu ,tệ
Học online khó tiếp thu hơn học offline,tệ
học online khó tiếp thu kiến thức hơn so với hình thức học trực tiếp tại trường,tệ
học online linh động hơn và tiết kiệm chi phí hơn,tốt
Học online nên tăng cường các buổi nhỏ lẻ để dễ tiếp thu khi tiếp xúc quá nhiều qua màn ảnh đồng thời cũng từ đó giảm bớt lượng sinh viên mỗi buổi để GV theo dõi được học sinh của mình. ,tệ
Học online nên tăng cường các buổi nhỏ lẻ để dễ tiếp thu khi tiếp xúc quá nhiều qua màn ảnh đồng thời cũng từ đó giảm bớt lượng sinh viên mỗi buổi để GV theo dõi được học sinh của mình. ,tệ
Học online nên tăng cường các buổi nhỏ lẻ để dễ tiếp thu khi tiếp xúc quá nhiều qua màn ảnh đồng thời cũng từ đó giảm bớt lượng sinh viên mỗi buổi để GV theo dõi được học sinh của mình. ,tệ
Học online phù hợp cho những bạn có khả năng tự học,tốt
"học online rất hiệu quả và thành tích tốt hơn, dễ hiểu,...",rất tốt
"học online rất hiệu quả và thành tích tốt hơn, dễ hiểu,...",rất tốt
"học online rất hiệu quả và thành tích tốt hơn, dễ hiểu,...",rất tốt
học online rất lợi và không có nhược điểm,rất tốt
học online rất thuận tiện,rất tốt
học online rất tiện ích và không có nhược điểm,rất tốt
Học online rất tốt ,rất tốt
học online rất tốt ,rất tốt
"Học online rất tốt cho sinh viên, giupa sinh viên bớt khó khăn với cuộc sống cơm áo gạo tiền và cho sinh viên có  cơ hội  giúp đỡ gia đình và vừa học tại nhà",rất tốt
"Học online rất vui, bổ ích...",rất tốt
Học online sẽ đánh giá chuẩn thành tích của từng sinh viên,rất tốt
Học online sẽ hạn chế tieeso xúc nhiều người nhưng chúng e vẫn tiếp thu bài được ạ,rất tốt
"Học online sẽ thoải mái hơn về không gian cũng như thời gian, nhược điểm là tương tác với giao viên bị hạn chế hơn ở trên lớp, kết quả thì vẫn như nhau thôi ạ vì đại học là phụ thuộc vào ý thức học của mỗi người ạ!!",bình thường
Học online thoải mái dễ hiểu điểm cao hơn so với học trực tiếp,rất tốt
Học online tiện và vui nhưng hiệu quả nên lên lớp,rất tốt
Học online tiếp thu hiệu quả hơn so với học trực tuyến,rất tốt
Học online tiếp thu hiệu quả hơn so với học trực tuyến,rất tốt
Học online tiếp thu tốt hơn ,rất tốt
học online tốt hơn cho sinh viên,rất tốt
học online trên nền tảng khác,tệ
Học online trong thời dịch là phương pháp hiệu quả,rất tốt
Học online trong thời dịch thuận tiện hơn. ,rất tốt
học quốc phòng onl để đỡ cực những sinh viên học khu a và b đỡ cực,rất tốt
Học tập tốt giáo viên giảng dạy nhiệt tình,rất tốt
Học tập tốt giáo viên giảng dạy nhiệt tình,rất tốt
"HỌC tiện lợi hay, ",rất tốt
"Học trên lớp sẽ dễ tiếp thu được bài học cũng như là tích luỹ được nhiều hơn các kinh nghiệm, kiến thức.",rất tốt
học trên lớp sẽ hiệu quả hơn ,rất tốt
Học trên trường hiểu quả hơn ,rất tốt
Học trực tiếp hiệu quả hơn,rất tốt
Học trực tiếp tại trường lớp sẽ giúp cho sinh trang bị kiến thức và học được nhiều thứ hơn,rất tốt
Học vui ạ ,rất tốt
Hơi khó khăn trong việc tiếp thu,tệ
htgds,không liên quan
Internet không ổn định,bình thường
K co,bình thường
k co,bình thường
K co,bình thường
K co,bình thường
k có,bình thường
K có,bình thường
k có,bình thường
k có,bình thường
k có,bình thường
K có,bình thường
K có,bình thường
k có,bình thường
K có,bình thường
K có,bình thường
k có,bình thường
k có,bình thường
K có,bình thường
K có,bình thường
K có,bình thường
k có,bình thường
k có,bình thường
k có,bình thường
K có,bình thường
k có,bình thường
k có ạ,bình thường
k có ạ,bình thường
k có ạ,bình thường
k có ý kiến,bình thường
K có ý kiến,bình thường
K có ý kiến,bình thường
K có ý kiến,bình thường
K có ý kiến,bình thường
k có ý kiến ,bình thường
K có ý kiến ạ ,bình thường
K ý kiến,bình thường
K ý kiến,bình thường
k ý kiến ,bình thường
kc,bình thường
kc,bình thường
kco,bình thường
Kéo dài mỗi môn,không liên quan
Kết hợp online offline,bình thường
kết quả chắc sẽ không tốt bằng học off,bình thường
kết quả chắc sẽ không tốt bằng học off,bình thường
Kết quả dựa trên tinh thần tự học,bình thường
kết quả học onl luôn đạt thành tích tốt,tốt
kết quả học onl luôn đạt thành tích tốt,tốt
kết quả học onl luôn đạt thành tích tốt,tốt
Kết quả học taapk so với học trực tiếp có kết quả tốt hơn,rất tốt
Kết quả học tập khả quan hơn khi học trực tiêp ở lớp,rất tốt
kết quả học tập tốt,rất tốt
kết quả học tập tốt hơn,rất tốt
kết quả học tập tốt hơn so với tại lớp ,rất tốt
kết quả học tập tốt hơn so với trực tuyến,rất tốt
kết quả học tập tương đối ổn,tốt
kết quả học tập tương đổi ổn,tốt
Kết quả học tương đối giống với học trực tiếp trên lớp,tốt
Kết quả khả quan hơn khi học trực tiếp tại lớp,tốt
Kết quả không được tốt bằngkhi học trên lớp,bình thường
"kết quả ổn hơn, quản lý được thời gian",tốt
Kết quả so với học tại lớp cao hơn,tốt
Kết quả thấp hơn so với học trực tiếp,tệ
Kết quả thấy ổn hơn khi học offline,tốt
kết quả tốt,tốt
kết quả tốt,tốt
kết quả tốt,tốt
ket qua tot hon,rất tốt
kết quả tốt hơn,rất tốt
kết quả tốt hơn,rất tốt
Kết quả tốt hơn học offline ,rất tốt
Kết quả tốt hơn học tại lớp ,rất tốt
kết quả tốt so với học trực tiếp,rất tốt
Kết quả trên mức mong đợi,rất tốt
kh,bình thường
kh,bình thường
Kh,bình thường
KH,bình thường
kh,bình thường
kh ạ,bình thường
Kh có,bình thường
Kh có,bình thường
kh có,bình thường
kh có,bình thường
Kh có ạ,bình thường
Kh có đề cương,tệ
Kh có ý kiến,bình thường
Khác ,không liên quan
Khi học online thì rất nhiều ưu điểm và rất ít khuyết điểm. Và quan trọng khi học online là an toàn về sức khỏe,bình thường
Khó hiểu,tệ
khó khăn về đường truyền,tệ
Khó tiếp thu hơn trực tiếp. Do đó cần giảng viên đặt thêm nhiều câu hỏi củng cố hơn. Giảng viên cũng nên cân nhắc độ dài và độ khó của đề kiểm tra khi học trực tuyến.,rất tệ
khó tiếp thu với không giao tiếp với nhiều bạn bè hơn tại trường,bình thường
"Khó trao đổi, chỉ dẫn bài tập",tệ
khó tương tác,tệ
Khôbg,bình thường
Khồn,bình thường
khong,bình thường
khong,bình thường
khong,bình thường
khong,bình thường
khong,bình thường
khong,bình thường
khong,bình thường
Khong,bình thường
khong,bình thường
Khong,bình thường
khong,bình thường
khong,bình thường
khong,bình thường
khong,bình thường
khong,bình thường
khong,bình thường
Khong,bình thường
Khong,bình thường
khong,bình thường
khong,bình thường
khong,bình thường
khong,bình thường
Khong,bình thường
khong,bình thường
khong,bình thường
khong,bình thường
khong,bình thường
Khong,bình thường
khong,bình thường
khong,bình thường
khong,bình thường
khong,bình thường
khong,bình thường
Khong,bình thường
không,bình thường
không,bình thường
không,bình thường
không,bình thường
không,bình thường
không,bình thường
không,bình thường
không,bình thường
không,bình thường
không,bình thường
không,bình thường
không,bình thường
không,bình thường
không,bình thường
không,bình thường
không,bình thường
không,bình thường
không,bình thường
không,bình thường
không,bình thường
không,bình thường
không,bình thường
không,bình thường
không,bình thường
không,bình thường
không,bình thường
không,bình thường
không,bình thường
không,bình thường
không,bình thường
không,bình thường
không,bình thường
không,bình thường
không,bình thường
không,bình thường
không,bình thường
không,bình thường
không,bình thường
không,bình thường
không,bình thường
không,bình thường
không,bình thường
không,bình thường
không,bình thường
không,bình thường
không,bình thường
không,bình thường
không,bình thường
không,bình thường
không,bình thường
không,bình thường
không,bình thường
không,bình thường
không,bình thường
không,bình thường
không,bình thường
không,bình thường
không,bình thường
Không,bình thường
không,bình thường
Không,bình thường
Không,bình thường
Không,bình thường
không,bình thường
không,bình thường
không,bình thường
Không,bình thường
không,bình thường
Không,bình thường
không,bình thường
không,bình thường
không,bình thường
không,bình thường
không,bình thường
Không,bình thường
Không,bình thường
không,bình thường
Không,bình thường
Không,bình thường
Không,bình thường
Không,bình thường
Không,bình thường
không,bình thường
Không,bình thường
Không,bình thường
không,bình thường
không,bình thường
Không,bình thường
Không,bình thường
Không,bình thường
Không,bình thường
Không,bình thường
Không,bình thường
Không,bình thường
Không,bình thường
Không,bình thường
không,bình thường
Không,bình thường
Không,bình thường
KHÔNG,bình thường
không,bình thường
Không,bình thường
Không,bình thường
Không,bình thường
Không,bình thường
Không,bình thường
Không,bình thường
Không,bình thường
không,bình thường
không,bình thường
không,bình thường
không,bình thường
Không,bình thường
Không,bình thường
Không,bình thường
Không,bình thường
Không,bình thường
Không,bình thường
Không,bình thường
không,bình thường
không,bình thường
không,bình thường
Không,bình thường
Không,bình thường
không,bình thường
Không,bình thường
không,bình thường
Không,bình thường
không,bình thường
không,bình thường
không,bình thường
Không,bình thường
Không,bình thường
không,bình thường
không,bình thường
Không,bình thường
Không,bình thường
không,bình thường
Không,bình thường
Không,bình thường
không,bình thường
Không,bình thường
Không,bình thường
Không,bình thường
không,bình thường
Không,bình thường
không,bình thường
không,bình thường
Không,bình thường
Không,bình thường
Không,bình thường
Không,bình thường
không,bình thường
không,bình thường
Không,bình thường
Không,bình thường
không,bình thường
Không,bình thường
không,bình thường
không,bình thường
không,bình thường
không,bình thường
không,bình thường
không,bình thường
không,bình thường
không,bình thường
Không,bình thường
không,bình thường
Không,bình thường
Không,bình thường
không,bình thường
không,bình thường
Không,bình thường
Không,bình thường
Không,bình thường
không,bình thường
không,bình thường
Không,bình thường
không,bình thường
Không,bình thường
không,bình thường
không,bình thường
Không,bình thường
Không,bình thường
không,bình thường
Không,bình thường
không,bình thường
Không,bình thường
không,bình thường
Không,bình thường
không,bình thường
Không,bình thường
không,bình thường
Không,bình thường
không,bình thường
Không,bình thường
không,bình thường
không,bình thường
Không,bình thường
Không,bình thường
không,bình thường
Không,bình thường
không,bình thường
Không,bình thường
Không,bình thường
không,bình thường
Không,bình thường
Không,bình thường
Không,bình thường
không,bình thường
Không,bình thường
không,bình thường
Không,bình thường
không,bình thường
không,bình thường
Không,bình thường
Không,bình thường
Không,bình thường
Không,bình thường
không,bình thường
Không,bình thường
không,bình thường
Không,bình thường
không,bình thường
Không,bình thường
Không,bình thường
không,bình thường
không,bình thường
Không,bình thường
Không,bình thường
Không,bình thường
không,bình thường
Không,bình thường
không,bình thường
không,bình thường
Không,bình thường
Không,bình thường
Không,bình thường
không,bình thường
Không,bình thường
Không,bình thường
không,bình thường
Không,bình thường
không,bình thường
không,bình thường
không,bình thường
không,bình thường
Không,bình thường
Không,bình thường
không,bình thường
không,bình thường
Không,bình thường
Không,bình thường
KHÔNG,bình thường
Không,bình thường
Không,bình thường
KHÔNG,bình thường
Không,bình thường
không,bình thường
không,bình thường
không,bình thường
không,bình thường
Không,bình thường
không,bình thường
không,bình thường
không,bình thường
Không,bình thường
Không,bình thường
Không,bình thường
không,bình thường
không,bình thường
không,bình thường
không,bình thường
Không,bình thường
không,bình thường
không,bình thường
không,bình thường
không,bình thường
KHÔNG,bình thường
không,bình thường
không,bình thường
không,bình thường
không,bình thường
Không,bình thường
không,bình thường
Không,bình thường
không,bình thường
Không,bình thường
không,bình thường
Không,bình thường
không,bình thường
không,bình thường
không,bình thường
không,bình thường
Không,bình thường
không,bình thường
Không,bình thường
không,bình thường
không,bình thường
không,bình thường
Không,bình thường
không,bình thường
Không,bình thường
không,bình thường
KHÔNG,bình thường
không,bình thường
không,bình thường
không,bình thường
không,bình thường
Không,bình thường
Không,bình thường
Không,bình thường
Không,bình thường
Không,bình thường
không,bình thường
không,bình thường
KHÔNG,bình thường
không,bình thường
không,bình thường
không,bình thường
Không,bình thường
Không,bình thường
Không,bình thường
Không,bình thường
không,bình thường
không,bình thường
không,bình thường
Không,bình thường
không,bình thường
không,bình thường
không,bình thường
Không,bình thường
Không,bình thường
Không,bình thường
không,bình thường
Không,bình thường
không,bình thường
không,bình thường
không,bình thường
Không,bình thường
không,bình thường
không,bình thường
không,bình thường
không,bình thường
không,bình thường
Không,bình thường
Không,bình thường
Không,bình thường
Không,bình thường
không,bình thường
Không,bình thường
không,bình thường
Không,bình thường
Không,bình thường
không,bình thường
Không,bình thường
không,bình thường
không,bình thường
không,bình thường
Không,bình thường
không,bình thường
không,bình thường
Không,bình thường
Không,bình thường
Không,bình thường
Không,bình thường
Không,bình thường
Không,bình thường
Không,bình thường
không,bình thường
KHÔNG,bình thường
không,bình thường
không,bình thường
không,bình thường
không,bình thường
Không,bình thường
không,bình thường
không,bình thường
Không,bình thường
Không,bình thường
Không,bình thường
Không,bình thường
Không,bình thường
không,bình thường
không,bình thường
Không,bình thường
không,bình thường
không,bình thường
Không,bình thường
không,bình thường
không,bình thường
Không,bình thường
không,bình thường
không,bình thường
Không,bình thường
Không,bình thường
không,bình thường
không,bình thường
không,bình thường
Không,bình thường
Không,bình thường
không,bình thường
Không,bình thường
Không,bình thường
Không,bình thường
không,bình thường
không,bình thường
không,bình thường
Không,bình thường
không,bình thường
Không,bình thường
không,bình thường
không,bình thường
không,bình thường
không,bình thường
Không,bình thường
không,bình thường
Không,bình thường
không,bình thường
không,bình thường
không,bình thường
không,bình thường
không,bình thường
Không,bình thường
Không,bình thường
không,bình thường
Không,bình thường
Không,bình thường
không,bình thường
Không,bình thường
Không,bình thường
không,bình thường
Không,bình thường
Không,bình thường
Không,bình thường
Không,bình thường
không,bình thường
Không,bình thường
không,bình thường
Không,bình thường
Không,bình thường
Không,bình thường
Không,bình thường
Không,bình thường
không,bình thường
Không,bình thường
không,bình thường
Không,bình thường
không,bình thường
Không,bình thường
KHÔNG,bình thường
không,bình thường
Không,bình thường
Không,bình thường
Không,bình thường
Không,bình thường
Không,bình thường
Không,bình thường
Không,bình thường
Không,bình thường
Không,bình thường
Không,bình thường
Không,bình thường
KHÔNG,bình thường
không,bình thường
không,bình thường
Không,bình thường
Không,bình thường
Không,bình thường
Không,bình thường
không,bình thường
không,bình thường
không,bình thường
KHÔNG,bình thường
Không,bình thường
Không,bình thường
Không,bình thường
Không,bình thường
Không,bình thường
không,bình thường
Không,bình thường
không,bình thường
không,bình thường
KHÔNG,bình thường
không,bình thường
Không,bình thường
Không,bình thường
Không,bình thường
không,bình thường
Không,bình thường
Không,bình thường
không,bình thường
Không,bình thường
Không,bình thường
Không,bình thường
Không,bình thường
Không,bình thường
Không,bình thường
Không,bình thường
không,bình thường
Không,bình thường
không,bình thường
Không,bình thường
Không,bình thường
Không,bình thường
Không,bình thường
không,bình thường
Không,bình thường
Không,bình thường
không,bình thường
không,bình thường
Không,bình thường
Không,bình thường
không,bình thường
không,bình thường
Không,bình thường
không,bình thường
Không,bình thường
không,bình thường
không,bình thường
không,bình thường
không,bình thường
Không,bình thường
Không,bình thường
Không,bình thường
không,bình thường
Không,bình thường
Không,bình thường
không,bình thường
không,bình thường
không,bình thường
không,bình thường
Không,bình thường
Không,bình thường
Không,bình thường
không,bình thường
Không,bình thường
không,bình thường
không,bình thường
không,bình thường
Không,bình thường
Không,bình thường
không,bình thường
không,bình thường
Không,bình thường
Không,bình thường
không,bình thường
không,bình thường
không,bình thường
Không,bình thường
không,bình thường
Không,bình thường
Không,bình thường
Không,bình thường
không,bình thường
không,bình thường
Không,bình thường
không,bình thường
Không,bình thường
không,bình thường
không,bình thường
không,bình thường
không,bình thường
Không,bình thường
không,bình thường
Không,bình thường
không,bình thường
Không,bình thường
Không,bình thường
Không,bình thường
không,bình thường
không,bình thường
không,bình thường
Khong ,bình thường
Không ,bình thường
Không ,bình thường
không ,bình thường
không ,bình thường
không ,bình thường
Không ,bình thường
không ,bình thường
Không ,bình thường
Không ,bình thường
không ,bình thường
Không ,bình thường
không ,bình thường
Không ,bình thường
Không ,bình thường
không ,bình thường
Không ,bình thường
Không ,bình thường
Không ,bình thường
Không ,bình thường
không ,bình thường
Không ,bình thường
không ,bình thường
Không ,bình thường
không ,bình thường
không ,bình thường
không ,bình thường
không ,bình thường
Không ,bình thường
Không ,bình thường
Không ,bình thường
Không ,bình thường
Không ,bình thường
Không ,bình thường
Không ,bình thường
không ,bình thường
Không ,bình thường
Không ,bình thường
Không ,bình thường
Không ,bình thường
không ,bình thường
Không ,bình thường
Không ,bình thường
Không ,bình thường
Không ,bình thường
Không ,bình thường
Không ,bình thường
Không ,bình thường
không ,bình thường
Không ,bình thường
Không ,bình thường
Không ,bình thường
không ,bình thường
Không ,bình thường
Không ,bình thường
Không ,bình thường
Không ,bình thường
Không ,bình thường
Không ,bình thường
không ,bình thường
Không ,bình thường
không ,bình thường
không ,bình thường
không ạ,bình thường
không ạ,bình thường
không ạ,bình thường
Không ạ,bình thường
không ạ,bình thường
không ạ,bình thường
không ạ,bình thường
Không ạ,bình thường
Không ạ,bình thường
không ạ,bình thường
Không ạ,bình thường
Không ạ,bình thường
không ạ,bình thường
không ạ,bình thường
không aj ,bình thường
"Không bị trễ giờ vào lớp học so với học trực tiếp, đi học đầy đủ hơn, dễ tập trung hơn, điểm số học tập được cải thiện hơn",rất tốt
"Không bị trễ giờ vào lớp học so với học trực tiếp, đi học đầy đủ hơn, dễ tập trung hơn.",rất tốt
"Không bị trễ giờ vào lớp học so với học trực tiếp, đi học đầy đủ hơn, dễ tập trung hơn.",rất tốt
KHONG CO,bình thường
khong co,bình thường
khong co,bình thường
khong co,bình thường
khong co,bình thường
khong co,bình thường
khong co,bình thường
khong co,bình thường
Khong co,bình thường
khong co,bình thường
khong co,bình thường
khong co,bình thường
khong co,bình thường
khong co,bình thường
khong co,bình thường
Khong co,bình thường
khong co,bình thường
Khong co,bình thường
khong co,bình thường
Khong co,bình thường
khong co,bình thường
khong co,bình thường
khong co,bình thường
khong có,bình thường
Không có,bình thường
không có,bình thường
Không có,bình thường
Không có,bình thường
không có,bình thường
không có,bình thường
Không có,bình thường
không có,bình thường
không có,bình thường
không có,bình thường
không có,bình thường
không có,bình thường
Không có,bình thường
Không có,bình thường
Không có,bình thường
Không có,bình thường
Không có,bình thường
Không có,bình thường
Không có,bình thường
Không có,bình thường
không có,bình thường
Không có,bình thường
Không có,bình thường
Không có,bình thường
KHÔNG CÓ,bình thường
không có,bình thường
kHÔNG CÓ,bình thường
Không có,bình thường
Không có,bình thường
Không có,bình thường
Không có,bình thường
Không có,bình thường
không có,bình thường
Không có,bình thường
không có,bình thường
Không có,bình thường
Không có,bình thường
không có,bình thường
không có,bình thường
không có,bình thường
Không có,bình thường
không có,bình thường
không có,bình thường
không có,bình thường
không có,bình thường
Không có,bình thường
Không có,bình thường
Không có,bình thường
Không có,bình thường
không có,bình thường
Không có,bình thường
Không có,bình thường
Không có,bình thường
Không có,bình thường
không có,bình thường
Không có,bình thường
không có,bình thường
Không có,bình thường
Không có,bình thường
không có,bình thường
Không có,bình thường
Không có,bình thường
Không có,bình thường
Không có,bình thường
không có,bình thường
Không có,bình thường
không có,bình thường
Không có,bình thường
Không có,bình thường
Không có,bình thường
Không có,bình thường
không có,bình thường
không có,bình thường
không có,bình thường
không có,bình thường
không có,bình thường
không có,bình thường
Không có,bình thường
Không có,bình thường
không có,bình thường
Không có,bình thường
không có,bình thường
không có,bình thường
Không có,bình thường
Không có,bình thường
không có,bình thường
Không có,bình thường
Không có,bình thường
Không có,bình thường
Không có,bình thường
Không có,bình thường
không có,bình thường
Không có,bình thường
không có,bình thường
Không có,bình thường
Không có,bình thường
không có,bình thường
không có,bình thường
Không có,bình thường
Không có,bình thường
Không có,bình thường
Không có,bình thường
không có,bình thường
không có,bình thường
Không có,bình thường
Không có,bình thường
Không có,bình thường
không có,bình thường
Không có,bình thường
Không có,bình thường
không có,bình thường
Không có,bình thường
Không có,bình thường
Không có,bình thường
không có,bình thường
Không có,bình thường
Không có,bình thường
không có,bình thường
không có,bình thường
Không có,bình thường
Không có,bình thường
không có,bình thường
không có,bình thường
không có,bình thường
Không có,bình thường
Không có,bình thường
Không có,bình thường
không có,bình thường
không có,bình thường
không có,bình thường
không có,bình thường
không có,bình thường
không có,bình thường
không có,bình thường
không có,bình thường
Không có,bình thường
không có,bình thường
không có,bình thường
Không có,bình thường
không có,bình thường
không có,bình thường
Không có,bình thường
không có,bình thường
Không có,bình thường
Không có,bình thường
Không có,bình thường
không có,bình thường
không có,bình thường
Không có,bình thường
Không có,bình thường
không có,bình thường
không có,bình thường
không có,bình thường
không có,bình thường
không có,bình thường
Không có,bình thường
không có,bình thường
Không có,bình thường
Không có,bình thường
không có,bình thường
Không có,bình thường
Không có,bình thường
Không có,bình thường
Không có,bình thường
không có,bình thường
Không có,bình thường
Không có,bình thường
không có,bình thường
Không có,bình thường
không có,bình thường
không có,bình thường
không có,bình thường
không có,bình thường
không có,bình thường
không có,bình thường
không có,bình thường
Không có,bình thường
không có,bình thường
Không có,bình thường
Không có,bình thường
không có,bình thường
không có,bình thường
không có,bình thường
không có,bình thường
không có,bình thường
Không có,bình thường
không có,bình thường
không có,bình thường
không có,bình thường
Không có,bình thường
Không có,bình thường
Không có,bình thường
Không có,bình thường
Không có,bình thường
Không có,bình thường
Không có,bình thường
Không có,bình thường
không có,bình thường
Không có,bình thường
Không có,bình thường
Không có,bình thường
không có,bình thường
không có,bình thường
không có,bình thường
Không có,bình thường
không có,bình thường
Không có,bình thường
không có,bình thường
Không có,bình thường
Không có,bình thường
không có,bình thường
không có,bình thường
không có,bình thường
Không có,bình thường
Không có,bình thường
không có,bình thường
Không có,bình thường
không có,bình thường
không có,bình thường
không có,bình thường
Không có,bình thường
không có,bình thường
Không có,bình thường
không có,bình thường
KHÔNG CÓ,bình thường
không có,bình thường
không có,bình thường
không có,bình thường
không có,bình thường
Không có,bình thường
Không có,bình thường
không có,bình thường
không có,bình thường
không có,bình thường
Không có,bình thường
không có,bình thường
không có,bình thường
Không có,bình thường
không có,bình thường
Không có,bình thường
không có,bình thường
Không có,bình thường
Không có,bình thường
không có,bình thường
Không có,bình thường
không có,bình thường
Không có,bình thường
không có,bình thường
Không có,bình thường
không có,bình thường
Không có,bình thường
Không có,bình thường
không có,bình thường
Không có,bình thường
không có,bình thường
không có,bình thường
không có,bình thường
không có,bình thường
Không có,bình thường
không có,bình thường
Không có,bình thường
Không có,bình thường
không có,bình thường
không có,bình thường
Không có,bình thường
Không có,bình thường
Không có,bình thường
Không có,bình thường
không có,bình thường
không có,bình thường
Không có,bình thường
Không có,bình thường
Không có,bình thường
Không có,bình thường
Không có,bình thường
không có,bình thường
Không có,bình thường
Không có,bình thường
không có,bình thường
Không có,bình thường
Không có,bình thường
không có,bình thường
không có,bình thường
không có,bình thường
Không có,bình thường
không có,bình thường
Không có,bình thường
Không có,bình thường
không có,bình thường
Không có,bình thường
Không có,bình thường
Không có,bình thường
Không có,bình thường
Không có,bình thường
không có,bình thường
Không có,bình thường
Không có,bình thường
không có,bình thường
không có,bình thường
không có,bình thường
Không có,bình thường
Không có,bình thường
Không có,bình thường
Không có,bình thường
không có,bình thường
Không có,bình thường
Không có,bình thường
không có,bình thường
không có,bình thường
không có,bình thường
không có,bình thường
không có,bình thường
Không có,bình thường
không có,bình thường
không có,bình thường
không có,bình thường
không có,bình thường
Không có,bình thường
không có,bình thường
không có,bình thường
không có,bình thường
Không có,bình thường
Không có,bình thường
Không có,bình thường
không có,bình thường
Không có,bình thường
Không có,bình thường
Không có,bình thường
Không có,bình thường
Không có,bình thường
Không có,bình thường
Không có,bình thường
Không có,bình thường
Không có,bình thường
không có,bình thường
không có,bình thường
không có,bình thường
không có,bình thường
Không có,bình thường
Không có,bình thường
không có,bình thường
Không có,bình thường
Không có,bình thường
Không có,bình thường
Không có,bình thường
Không có,bình thường
Không có,bình thường
Không có,bình thường
không có,bình thường
Không có,bình thường
không có,bình thường
không có,bình thường
Không có,bình thường
không có,bình thường
Không có,bình thường
Không có,bình thường
Không có,bình thường
Không có,bình thường
Không có,bình thường
Không có,bình thường
không có,bình thường
Không có,bình thường
Không có,bình thường
không cố,bình thường
Không cơ,bình thường
Khong co ,bình thường
khong có ,bình thường
Không co ,bình thường
Không có ,bình thường
Không có ,bình thường
Không có ,bình thường
Không có ,bình thường
Không có ,bình thường
Không có ,bình thường
Không có ,bình thường
Không có ,bình thường
Không có ,bình thường
Không có ,bình thường
Không có ,bình thường
Không có ,bình thường
Không có ,bình thường
không có ,bình thường
Không có ,bình thường
không có ,bình thường
Không có ,bình thường
Không có ,bình thường
không có ,bình thường
không có ,bình thường
không có ,bình thường
không có ,bình thường
không có ,bình thường
không có ,bình thường
Không có ,bình thường
không có ,bình thường
không có ,bình thường
không có ,bình thường
Không có ,bình thường
không có ,bình thường
Không có ,bình thường
Không có ,bình thường
Không có ,bình thường
Không có ,bình thường
không có ,bình thường
Không có ,bình thường
Không có ,bình thường
Không có ,bình thường
Không có ,bình thường
Không có ,bình thường
Không có ,bình thường
không có ,bình thường
không có ,bình thường
không có ,bình thường
không có ,bình thường
Không có ,bình thường
không có ,bình thường
Không có ,bình thường
Không có ,bình thường
Không có ạ,bình thường
không có ạ,bình thường
Không có ạ,bình thường
Không có ạ,bình thường
Không có ạ,bình thường
Không có ạ,bình thường
Không có ạ,bình thường
không có ạ,bình thường
Không có ạ,bình thường
Không có ạ,bình thường
không có ạ,bình thường
không có ạ,bình thường
không có ạ,bình thường
không có ạ,bình thường
Không có ạ,bình thường
Không có ạ ,bình thường
Không có ạ ,bình thường
Không có ạ!!!,bình thường
không có đóng góp,bình thường
Không có đóng góp,bình thường
Không có đóng góp ,bình thường
không có đóng góp gì,bình thường
không có đóng góp gì,bình thường
Không có đống góp gì thêm,bình thường
không có đóng góp ý kiến ,bình thường
Không có gì,bình thường
Không có gì,bình thường
Không có gì,bình thường
không có gì ý kiến,bình thường
không có gì ý kiến,bình thường
không có góp ý,bình thường
không có góp ý,bình thường
Không có nhược điểm,tốt
không có nhược điểm ,tốt
Không có thêm ý kiến ,bình thường
khong co y kien,bình thường
Không có ý kiên,bình thường
Không có ý kiến,bình thường
Không có ý kiến,bình thường
không có ý kiến,bình thường
Không có ý kiến,bình thường
Không có ý kiến,bình thường
Không có ý kiến,bình thường
không có ý kiến,bình thường
không có ý kiến,bình thường
Không có ý kiến,bình thường
không có ý kiến,bình thường
Không có ý kiến,bình thường
Không có ý kiến,bình thường
Không có ý kiến,bình thường
không có ý kiến,bình thường
không có ý kiến,bình thường
Không có ý kiến,bình thường
Không có ý kiến,bình thường
không có ý kiến,bình thường
không có ý kiến,bình thường
Không có ý kiến,bình thường
Không có ý kiến,bình thường
không có ý kiến,bình thường
không có ý kiến,bình thường
không có ý kiến,bình thường
không có ý kiến,bình thường
không có ý kiến,bình thường
không có ý kiến,bình thường
Không có ý kiến,bình thường
Không có ý kiến,bình thường
không có ý kiến,bình thường
Không có ý kiến,bình thường
Không có ý kiến,bình thường
không có ý kiến,bình thường
không có ý kiến,bình thường
Không có ý kiến,bình thường
không có ý kiến,bình thường
Không có ý kiến,bình thường
Không có ý kiến,bình thường
không có ý kiến,bình thường
không có ý kiến,bình thường
Không có ý kiến,bình thường
không có ý kiến,bình thường
không có ý kiến,bình thường
Không có ý kiến,bình thường
Không có ý kiến,bình thường
Không có ý kiến,bình thường
Không có ý kiến,bình thường
Không có ý kiến,bình thường
Không có ý kiến,bình thường
không có ý kiến,bình thường
không có ý kiến,bình thường
không có ý kiến,bình thường
Không có ý kiến,bình thường
không có ý kiến,bình thường
không có ý kiến,bình thường
Không có ý kiến,bình thường
không có ý kiến,bình thường
không có ý kiến,bình thường
Không có ý kiến,bình thường
Không có ý kiến,bình thường
không có ý kiến,bình thường
không có ý kiến,bình thường
không có ý kiến,bình thường
Không có ý kiến,bình thường
Không có ý kiến,bình thường
Không có ý kiến,bình thường
không có ý kiến,bình thường
không có ý kiến,bình thường
Không có ý kiến,bình thường
không có ý kiến,bình thường
không có ý kiến,bình thường
Không có ý kiến,bình thường
Không có ý kiến,bình thường
Không có ý kiến,bình thường
Không có ý kiến,bình thường
Không có ý kiến,bình thường
Không có ý kiến,bình thường
không có ý kiến,bình thường
Không có ý kiến,bình thường
không có ý kiến,bình thường
Không có ý kiến,bình thường
không có ý kiến,bình thường
Không có ý kiến,bình thường
không có ý kiến,bình thường
không có ý kiến,bình thường
không có ý kiến,bình thường
Không có ý kiến,bình thường
Không có ý kiến,bình thường
Không có ý kiến,bình thường
Không có ý kiến,bình thường
Không có ý kiến,bình thường
Không có ý kiến,bình thường
không có ý kiến,bình thường
Không có ý kiến,bình thường
không có ý kiến,bình thường
không có ý kiến,bình thường
Không có ý kiến,bình thường
không có ý kiến,bình thường
Không có ý kiến,bình thường
không có ý kiến,bình thường
không có ý kiến,bình thường
Không có ý kiến,bình thường
không có ý kiến,bình thường
Không có ý kiến,bình thường
không có ý kiến,bình thường
không có ý kiến,bình thường
không có ý kiến,bình thường
Không có ý kiến,bình thường
Không có ý kiến,bình thường
không có ý kiến,bình thường
không có ý kiến,bình thường
không có ý kiến,bình thường
không có ý kiến,bình thường
không có ý kiến,bình thường
Không có ý kiến,bình thường
không có ý kiến,bình thường
Không có ý kiến,bình thường
Không có ý kiến,bình thường
Không có ý kiến,bình thường
không có ý kiến,bình thường
Không có ý kiến,bình thường
Không có ý kiến,bình thường
Không có ý kiến,bình thường
Không có ý kiến,bình thường
không có ý kiến,bình thường
không có ý kiến,bình thường
không có ý kiến,bình thường
Không có ý kiến,bình thường
Không có ý kiến,bình thường
Không có ý kiến,bình thường
không có ý kiến ,bình thường
không có ý kiến ,bình thường
không có ý kiến ,bình thường
Không có ý kiến ,bình thường
Không có ý kiến ,bình thường
không có ý kiến ,bình thường
Không có ý kiến ,bình thường
không có ý kiến ,bình thường
không có ý kiến ,bình thường
không có ý kiến ,bình thường
Không có ý kiến ,bình thường
Không có ý kiến ,bình thường
Không có ý kiến ,bình thường
Không có ý kiến ,bình thường
Không có ý kiến ,bình thường
Không có ý kiến ,bình thường
Không có ý kiến ạ,bình thường
không có ý kiến ạ,bình thường
Không có ý kiến ạ,bình thường
không có ý kiến ạ,bình thường
không có ý kiến ạ,bình thường
không có ý kiến ạ,bình thường
không có ý kiến đóng góp,bình thường
không có ý kiến đóng góp,bình thường
không có ý kiến đóng góp khác,bình thường
Không có ý kiến đóng góp khác,bình thường
không có ý kiến đóng góp khác,bình thường
không có ý kiến đóng góp khác,bình thường
không có ý kiến gì,bình thường
Không có ý kiến gì,bình thường
Không có ý kiến gì,bình thường
Không có ý kiến gì,bình thường
không có ý kiến gì,bình thường
Không có ý kiến gì ,bình thường
Không có ý kiến gì ,bình thường
không có ý kiến gì ạ,bình thường
không có ý kiến gì khác,bình thường
không có ý kiến gì khác,bình thường
Không có ý kiến gì khác,bình thường
Không có ý kiến gì thêm,bình thường
không có ý kiến gì thêm,bình thường
không có ý kiến gì thêm,bình thường
Không có ý kiến gì thêm,bình thường
Không có y kiến khác,bình thường
Không có ý kiên khác,bình thường
không có ý kiến khác,bình thường
không có ý kiến khác,bình thường
Không có ý kiến khác,bình thường
không có ý kiến khác ,bình thường
không có ý kiến khác ,bình thường
Không có ý kiến khác.,bình thường
Không có ý kiến khác.,bình thường
Không có ý kiến nào khác,bình thường
Không có ý kiến nào khác,bình thường
không có ý kiến thêm,bình thường
không có ý kiến thêm,bình thường
không có ý kiến thêm,bình thường
không có ý kiến về môn học này,bình thường
không có yêu cầu gì,bình thường
không coa,bình thường
không còn ý kiến gì,bình thường
không đạt hiểu quả 100% so với học trực tiếp,tệ
Không dễ tiếp thu bài học,tệ
Không được lên trường học và trải nghiệm ,tệ
không hiệu quả,rất tệ
không hiệu quả,rất tệ
không hiệu quả,rất tệ
không hiệu quả,rất tệ
không hiệu quả như học trực tiếp,rất tệ
"Không phải mất thời gian đến trường như trước nữa,chủ động và có trách nhiệm trong việc học hơn,có nhiều thời gian chuẩn bị cho việc học tốt hơn,làm việc nhóm tích cực và mọi người hỗ trợ nhau tốt hơn khi học trực tiếp.",rất tốt
Không sợ lây covid. Đi học trực tiếp ớn quá. Ảnh hưởng sức khỏe. Có tiền chẳng đánh đổi được. Ráng học ra trường. Ngán quá. ,bình thường
không thể thực hành tại trường,tệ
"Không tiếp thu được hết nội dung của bài học, ít áp lực hơn, kết quả học tập cao hơn so với học trực tiếp nhưng việc học trực tiếp có vẻ sẽ tốt cho bản thân hơn.",không liên quan
"Không tiếp thu được hết nội dung của bài học, ít áp lực hơn, kết quả học tập cao hơn so với học trực tiếp nhưng việc học trực tiếp có vẻ sẽ tốt cho bản thân hơn.",không liên quan
Không tiếp thu tốt bài không hiểu bài bằng học trực tiếp,tệ
"không tốn thời gian di chuyển lên lớp, thể học bất cứ đâu ",tốt
khong y kien,bình thường
khong y kien,bình thường
khong y kien,bình thường
Không ý kiến,bình thường
không ý kiến,bình thường
không ý kiến,bình thường
không ý kiến,bình thường
không ý kiến,bình thường
không ý kiến,bình thường
không ý kiến,bình thường
không ý kiến,bình thường
Không ý kiến,bình thường
không ý kiến,bình thường
không ý kiến,bình thường
không ý kiến,bình thường
không ý kiến,bình thường
không ý kiến,bình thường
không ý kiến,bình thường
không ý kiến,bình thường
không ý kiến,bình thường
không ý kiến,bình thường
không ý kiến,bình thường
không ý kiến,bình thường
không ý kiến,bình thường
Không ý kiến,bình thường
Không ý kiến,bình thường
không ý kiến,bình thường
Không ý kiến,bình thường
không ý kiến,bình thường
Không ý kiến,bình thường
Không ý kiến,bình thường
không ý kiến,bình thường
không ý kiến,bình thường
Không ý kiến,bình thường
Không ý kiến,bình thường
không ý kiến,bình thường
không ý kiến,bình thường
không ý kiến,bình thường
không ý kiến,bình thường
Không ý kiến,bình thường
không ý kiến,bình thường
không ý kiến,bình thường
Không ý kiến,bình thường
không ý kiến,bình thường
không ý kiến,bình thường
Không ý kiến,bình thường
không ý kiến,bình thường
không ý kiến,bình thường
không ý kiến,bình thường
không ý kiến,bình thường
không ý kiến,bình thường
Không ý kiến,bình thường
Không ý kiến,bình thường
không ý kiến,bình thường
không ý kiến,bình thường
không ý kiến,bình thường
Không ý kiến,bình thường
Không ý kiến,bình thường
Không ý kiến,bình thường
không ý kiến,bình thường
Không ý kiến,bình thường
không ý kiến,bình thường
không ý kiến,bình thường
Không ý kiến,bình thường
không ý kiến,bình thường
Không ý kiến,bình thường
Không ý kiến,bình thường
không ý kiến,bình thường
Không ý kiến,bình thường
Không ý kiến,bình thường
không ý kiến,bình thường
Không ý kiến,bình thường
Không ý kiến,bình thường
Không ý kiến,bình thường
không ý kiến,bình thường
không ý kiến,bình thường
Không ý kiến,bình thường
Không ý kiến,bình thường
không ý kiến,bình thường
không ý kiến,bình thường
Không ý kiến ,bình thường
Không ý kiến ,bình thường
Không ý kiến ,bình thường
Không ý kiến ,bình thường
Không ý kiến ,bình thường
Không ý kiến ,bình thường
Không ý kiến ,bình thường
Không ý kiến ,bình thường
Không ý kiến ,bình thường
Không ý kiến ,bình thường
Không ý kiến ,bình thường
không ý kiến ,bình thường
Không ý kiến ,bình thường
Không ý kiến ,bình thường
Không ý kiến ,bình thường
Không ý kiến ,bình thường
Không ý kiến ạ ,bình thường
không ý kiến đongs góp,bình thường
không ý kiến gì thêm,bình thường
không ý kiến gì thêm,bình thường
Không ý kiến.,bình thường
Không.,bình thường
Không. Ó ý kiến,bình thường
Khoong,bình thường
kkhông có,bình thường
Kncos,bình thường
Ko,bình thường
ko,bình thường
Ko,bình thường
ko,bình thường
KO,bình thường
Ko,bình thường
ko,bình thường
Ko,bình thường
Ko,bình thường
ko,bình thường
Ko,bình thường
Ko,bình thường
Ko,bình thường
ko,bình thường
ko,bình thường
Ko,bình thường
ko,bình thường
ko,bình thường
Ko,bình thường
ko,bình thường
ko,bình thường
Ko,bình thường
Ko,bình thường
Ko,bình thường
Ko,bình thường
Ko,bình thường
ko,bình thường
ko,bình thường
ko,bình thường
Ko,bình thường
Ko,bình thường
ko,bình thường
ko,bình thường
ko,bình thường
ko,bình thường
Ko,bình thường
Ko,bình thường
ko,bình thường
Ko,bình thường
ko,bình thường
Ko,bình thường
Ko,bình thường
ko,bình thường
Ko,bình thường
ko,bình thường
ko,bình thường
Ko,bình thường
Ko,bình thường
ko,bình thường
Ko,bình thường
Ko,bình thường
ko,bình thường
Ko,bình thường
ko,bình thường
ko,bình thường
ko,bình thường
ko,bình thường
Ko,bình thường
Ko,bình thường
Ko,bình thường
ko,bình thường
Ko,bình thường
ko,bình thường
ko ,bình thường
ko ,bình thường
ko ,bình thường
Ko ạ,bình thường
Ko có,bình thường
Ko có,bình thường
Ko có,bình thường
Ko có,bình thường
Ko có,bình thường
Ko có,bình thường
Ko có,bình thường
Ko có,bình thường
Ko có,bình thường
ko có,bình thường
ko có,bình thường
Ko có,bình thường
Ko có,bình thường
ko có,bình thường
Ko có,bình thường
Ko có,bình thường
Ko có,bình thường
Ko có,bình thường
Ko có,bình thường
Ko có,bình thường
Ko có,bình thường
ko có,bình thường
ko có,bình thường
Ko có,bình thường
Ko có,bình thường
Ko có,bình thường
Ko có,bình thường
ko có,bình thường
ko có,bình thường
Ko có,bình thường
Ko có,bình thường
Ko có,bình thường
Ko có,bình thường
ko có,bình thường
Ko có ,bình thường
Ko có ạ,bình thường
Ko có ạ,bình thường
Ko có gì,bình thường
Ko có ý kiến,bình thường
Ko có ý kiến,bình thường
Ko có ý kiến,bình thường
Ko coá,bình thường
Ko coá,bình thường
ko khác nhau nhiều quan trọng do bản thân mình tự học,bình thường
Ko ý kiên,bình thường
Ko ý kiến,bình thường
Ko ý kiến,bình thường
kỹ năng sử dụng công nghệ để học tập trực tuyến,không liên quan
kỹ năng sử dụng công nghệ để học tập trực tuyến,không liên quan
kỹ năng sử dụng công nghệ để học tập trực tuyến,không liên quan
kỹ năng sử dụng công nghệ để học tập trực tuyến,không liên quan
l;inh hoạt thời gian,tốt
Làm chủ được thời gian ,không liên quan
M,không liên quan
"m muốn có bản ghi lại bài giảng mỗi khi học ,để có thể xem lại bài giảng",không liên quan
Mạng internet chưa ổn định,tệ
Mạng internet chưa ổn định ,tệ
Mạng internet không ổn định,tệ
Mạng internet không ổn định,tệ
Mạng internet không ổn định ảnh hưởng đến giờ học,tệ
mạng internet thiếu ổn định ảnh hưởng tới thời gian tham gia tiết học ,tệ
Mạng không ổn định khó tiếp thu,tệ
"Micro của thầy hơi nhỏ vs rè, nhưng nghe cũng tạm được.",tệ
mọi thứ đều ổn ,tốt
Mọi thứ đều ổn ,tốt
môn học hay ,tốt
"mong được xuông trường học off , học online mạng ở nhà rất yếu lag vs chập chờn",rất tệ
mong giảng viên chú ý đến sinh viên nhiều hơn,rất tệ
Mong giảng viên nhiệt tình hơn ,tệ
"Mong nhà trường nếu có còn học onl, những môn thực hành ko nên để vào đki môn học cho sv vì tụi e ng sẽ có laptop ng sẽ ko có. Môn học lần đầu tiên cũng ko thể biết đc môn này có cần tới laptop hay ko",rất tệ
Mong sẽ được học online trong thời gian tiếp theo,tốt
Muốn học trực tiếp,tốt
N/A,không liên quan
N/A,không liên quan
N/A,không liên quan
Najwa,không liên quan
Nâng cao,tốt
Nên cho ít bài tập lại,tệ
Nên cho sinh viên thời gian khi làm bài kiểm tra,tệ
nên có option học online và học offline,không liên quan
nên để option học online và học offline,không liên quan
nên học off,không liên quan
Nên học off ,không liên quan
Nên học offline,không liên quan
nên học online ,không liên quan
nên học online hết kì 2. :)))),không liên quan
Nên nhiều video thực tế cho sinh viên,không liên quan
Nên triển khai học những môn như quốc phòng những môn đại cương theo phương thức online,không liên quan
nhà trường nên hỗ trợ thêm cho sinh viên,không liên quan
Như nhau ,bình thường
Nhược điểm khi học onl rất khó để giảng viên bao quát hết sinh viên,tệ
nhược diểm không phát huy hết sự sáng tạo của sinh viên ,bình thường
nhược điểm ko vui bằng học ở lớp,tệ
nhược điểm mạng yếu gây ảnh hưởng bài học,tệ
"Nhược điểm: giáo lưu với bạn bè bị hạn chế, ",tệ
nN,không liên quan
no,không liên quan
no,không liên quan
no,không liên quan
no cmt,không liên quan
no cmt,không liên quan
No comment,không liên quan
No comment,không liên quan
no more,không liên quan
no more,không liên quan
none,không liên quan
ok,bình thường
Ok,tốt
Ok,tốt
ok,tốt
Ok,tốt
Ok,tốt
Ok,tốt
Ok,tốt
Ok,tốt
ok,tốt
ok,tốt
ok,tốt
Ok,tốt
Ok,tốt
ok,tốt
Ok,tốt
Ok,tốt
ok,tốt
ok,tốt
Ok,tốt
ok,tốt
ok,tốt
ok,tốt
ok,tốt
Ok,tốt
Ok,tốt
ok,tốt
Ok,tốt
ok,tốt
ok,tốt
ok,tốt
Ok,tốt
oke,tốt
Oke,tốt
Oke,tốt
Okela,tốt
ổn,tốt
ổn,tốt
Ổn định hơn học ở lớp,tốt
Phần mềm thực hành không tải được với nhiều laptop,tệ
Phat trien hon,tốt
phù hợp trong bối cảnh dịch bệnh,bình thường
phù hợp trong thời gian dịch bệnh,bình thường
Phù hợp trong tình hình dịch bệnh,bình thường
phù hợp với bối cảnh dịch bệnh,bình thường
Quá nhiều ưu điểm và k có khuyết điểm,bình thường
Quá nhiều ưu điểm và không có khuyết điểm,bình thường
qua tuyet voi,rất tốt
"quản lý được thời gian, hay bị mất mạng",tệ
"Quản lý được thời gian, tiếp thu bài tốt. Nhược điểm là đường truyền mạng đôi khi còn gặp trục trặc ảnh hưởng đến việc học nhưng không đáng kể.",bình thường
quản lý thời gian,bình thường
rất hay ,rất tốt
Rất hiệu quả cải thiện rất nhiều khi học online,rất tốt
Rất nhiều ưu điểm,rất tốt
Rất ổn,rất tốt
"Rất thuận tiện cho việc di chuyển, cần phát huy học online hơn",rất tốt
Rất tốt ạ,rất tốt
Rất tốt ạ,rất tốt
Rất tốt và tiện lợi ,rất tốt
"Rất tốt, mong được học onl tiếp ạ",rất tốt
s,không liên quan
Sắp xếp thời gian học tập phù hợp với sinh viên,không liên quan
sd,không liên quan
sẽ khó hiễu bài hơn khi học online,không liên quan
Sẽ không hiểu bài nếu mạng có vđề,không liên quan
Sinh viên khó hiểu bài,không liên quan
Sinh viên nên tương tác với nhau nhiều hơn,không liên quan
"So với học trực tuyến, học trực tiếp sẽ tốt hơn",không liên quan
so vs học trức tiếp học online không hiểu gì cả,không liên quan
srdyjf,không liên quan
T,không liên quan
T,không liên quan
T,không liên quan
Tạm ổn,bình thường
"Tận tình,mạng lag",tốt
Tạo điều kiện cho sv có thể học khi mùa dịch bệnh,không liên quan
Tất cả đều rốt ,rất tốt
"Thân thiện,tận tình,mạng lag",tốt
"Thầy Chính rất khó chịu với sinh viên, thầy rất hung dữ và cách thầy giao tiếp với sinh viên rất gắt gỏng, khó gần. Bạn bè cùng lớp và em ai ai cũng không thích học thầy. Đôi khi thầy còn lớn tiếng với sinh viên, không cho sinh viên có cơ hội để giảii thích. Học thầy Chính cực kỳ bị áp lực, nhưng chất lượng giảng dạy thì chẳng giúp sinh viên cao được. Em mong nhà trường Hutech có hành động để thay đổi giảng viên này ",bình thường
Thầy cô hỗ trợ ghi hình ghi âm lớp học online để sinh viên có thể xem lại nội dung buổi học,bình thường
Thầy dạy dễ hiểu,tốt
Thầy dạy hơi buồn ngủ,tệ
"Thầy giảng dạy nhiệt tình,tận tâm. Luôn đúng giờ, chia sẻ kinh nghiệm thực tế. Bao quát toàn bộ sinh viên",rất tốt
"Thầy khó và nghiêm khắc , nhưng e rất tôn trọng thầy dù e có rớt môn , ",rất tốt
Thầy rất nhiệt tình với lớp,rất tốt
"Thầy rất nhiệt tình, em thấy cách học này rất hiệu quả",rất tốt
"Thầy tận tâm , dễ thương , ",rất tốt
"Thầy tận tâm, chia sẻ kinh nghiệm thực tế rất bổ ích. Quan tâm, chú ý toàn bộ tất cả sinh viên. Tạo điều kiện cho sinh viên theo sát môn học",rất tốt
"thầy thân thiện, giảng bài rất dễ hiểu, tương tác tốt với sv",rất tốt
Thi onl hơi khó khăn,tệ
Thích học onl hơn off,tệ
thích học trực tiếp tại lớp,không liên quan
thích học trực tiếp tại lớp ,không liên quan
thiếu sự tương tác trực tiếp,không liên quan
thoải mái,tốt
"Thoải mái dễ hiểu, kết quả cao hơn so với học tại lớp",rất tốt
"Thoải mái hơn, khó khăn về kết nối, so với học trên lớp cũng tạm ổn",tốt
Thời gian chủ động,không liên quan
thú vị thoải mái,rất tốt
Thuận lợi không lo bị trễ giờ,bình thường
Thuận lợi về thời gian học; thoải mái ít gòbos,rất tốt
Thuận lợi việc chống dịch ,không liên quan
Thuận tiện cho việc học dễ thu xếp thời gian ,không liên quan
"Thuận tiện gần gũi với gia đình, nhưng không tham gia trực tiếp với giảng viên và các bạn cùng lớp",bình thường
"Thuận tiện và gần gũi với gia đình, không gặp trực tiếp giảng viên và các bạn trong lớp",bình thường
tiện lợi,rất tốt
tiện lợi,rất tốt
tiện lợi,rất tốt
tiện lợi cho học tập yên tĩnh,rất tốt
Tiện lợi cho SV hơn học trực tiếp về mặc di chuyển rất nhiều,rất tốt
"Tiện lợi cho việc di chuyển, khó tiếp thu bài hơn học offline",không liên quan
tiếp tục học onl,không liên quan
tiếp tục học online ạ ,không liên quan
"Tiếp tục học online để tiện lợi, thoải mái cho cả sinh viên và giảng viên, đồng thời an toàn sức khỏe",không liên quan
Tiết kiệm được thời gian ,tốt
"tiết kiệm được thời gian đi lại, em cảm thấy môn này học off sẽ tốt hơn ạ",tốt
tiết kiệm thời gian,tốt
tiết kiệm thời gian hơn,tốt
tiết kiệm thời gian hơn,tốt
tiết kiệm thời gian hơn,tốt
tiết kiệm thời gian so với học trực tiếp,tốt
TIẾT KIỆM THỜI GIAN VÀ AN TOÀN KHI ĐANG TRONG TÌNH HÌNH DỊCH BỆNH CĂNG THẲNG,tốt
TIẾT KIỆM THỜI GIAN VÀ AN TOÀN KHI ĐANG TRONG TÌNH HÌNH DỊCH BỆNH CĂNG THẲNG,tốt
TIẾT KIỆM THỜI GIAN VÀ AN TOÀN KHI ĐANG TRONG TÌNH HÌNH DỊCH BỆNH CĂNG THẲNG,tốt
"tiết kiệm xăng,tiền trọ,thời gian đi lại",tốt
Tôi không ý kiến ,bình thường
tôt,tốt
Tốt,tốt
Tốt,tốt
tốt,tốt
Tốt,tốt
Tốt,tốt
Tốt,tốt
Tốt,tốt
tốt,tốt
tốt,tốt
Tốt,tốt
Tốt,tốt
Tốt,tốt
Tốt,tốt
tốt,tốt
Tốt,tốt
Tốt,tốt
tốt,tốt
tốt,tốt
Tốt,tốt
tốt,tốt
tốt,tốt
Tốt,tốt
Tốt,tốt
Tốt,tốt
tốt,tốt
tốt,tốt
Tốt,tốt
Tốt,tốt
Tốt,tốt
Tốt,tốt
Tốt,tốt
tốt,tốt
Tốt,tốt
tốt,tốt
Tốt,tốt
Tốt,tốt
Tốt,tốt
Tốt,tốt
Tốt,tốt
tốt,tốt
tốt,tốt
Tốt,tốt
Tốt,tốt
Tốt,tốt
tốt,tốt
tốt,tốt
tốt,tốt
Tốt,tốt
Tốt,tốt
Tốt,tốt
tốt,tốt
tốt,tốt
tốt,tốt
Tốt,tốt
Tốt,tốt
Tốt ,tốt
Tốt ,tốt
Tốt ,tốt
tốt ,tốt
tốt ,tốt
Tốt ,tốt
tốt ạ,tốt
tốt hiệu quả ( hơi bù ngủ xíu vì ngồi lâu ạ),tốt
tốt hơn học tại lớp,tốt
trực tiếp tại lớp dễ hiểu hơn ạ,tốt
Trường nhớ mở lớp học online nữa nhaaaa,không liên quan
Tui hài lòng  không ý kiến,rất tệ
Tui không ý kiến,bình thường
Tui không ý kiến ,bình thường
Tui không ý kiến ,bình thường
Tương đương,bình thường
Tuy đôi khi học online như vậy có chút khó khăn nhưng trong tình hình hiện nay thì được đi học là tốt lắm rồi ạ,rất tốt
tuyệt,rất tốt
Tuyệt vời,
Tuyệt vời quá không có gì góp ý,bình thường
Ưu điểm : có thể trao đổi tài liệu và làm việc nhóm rất nhanh,rất tốt
"ưu điểm có thể coi lại bài giảng nhiều lần,",tốt
Ưu điểm dễ dàng lưu trữ kiến thức và tài liệu,tốt
Ưu điểm dễ lưu trữ,tốt
Ưu điểm dễ lưu trữ bài ,tốt
Ưu điểm học online thì quá rõ ràng. Nhược điểm là không gặp mặt các bạn và giảng viên trực tiếp được. Kết quả tốt hơn so với học tại lớp.,bình thường
Ưu điểm học online: tiết kiệm được thời gian di chuyển. Nhược điểm: gặp nhiều khó khăn trong việc đăng nhập các trang bài tập thầy cô gửi do mạng yếu không ổn định. ,bình thường
"Ưu điểm khi học online là không bị gò bó thời gian, không sợ trễ giờ học. Nhược điểm là online không nắm chắc được bài giảng so với offline",bình thường
ưu điểm khi học online là trong thời gian dịch mình vẫn còn có thể học và kiểm tra đánh giá dù không trực tiếp nhưng nó vẫn giúp ta không bị bỏ lỡ thời gian học tập còn về phần nhược điểm thì ta bị hạn chế nhiều mặt như trao đổi với giáo viên về học tập hay là các bài nhóm ta chưa phát huy hiệu quả hết. ,bình thường
Ưu điểm không cần đi lại nhiều,bình thường
Ưu điểm không cần đi lại nhiều,bình thường
ưu điểm là đường truyền kém,không liên quan
Ưu điểm là học ở nhà thoải mái hơn .nhược điểm khó hiểu bài .học trực tiếp hiểu quả hơn ,rất tốt
Ưu điểm là sinh viên có thể chủ động thời gian học.,rất tốt
"Ưu điểm thoái mái, khuyết ko hiểu đc bài",tệ
"ưu điểm tiện cho việc không cần di chuyển đến trường tốn nhiều thời gian , nhược điểm xảy ra các sự cố về internet",bình thường
Ưu điểm tiện lợi,tốt
Ưu điểm vẫn là thoải mái tại nhà mà vẫn học được.,tốt
"Ưu điểm: Áp lực giảm bớt, bài giảng tốt. Nhước điểm: Trục trặc về mạng",tốt
ưu điểm: chấm điểm công bằng. nhược điểm: có lúc la mắng sinh viên nhưng không nhiều ,bình thường
"ưu điểm: chủ động được thời gian, nhược điểm: không tập trung khi học ",bình thường
Ưu điểm: có thể học ở nhà không mất thời gian. Nhược điểm: mức độ tương tác với giảng viên không cao như trên lớp,bình thường
"Ưu điểm: có thể học thoải mái vd: nằm, ăn... Nhược điểm: trong quá trình dậy không trực tiếp sẽ không tiến bộ bằng học trực tiếp, kết quả cao ",bình thường
Ưu điểm: có thể vừa học vừa làm được những việc khác. nhược điểm: mất điện hay mạng yếu dẫn đến không theo kịp bài học,bình thường
"ưu điểm: dễ tập trung học tập, kết quả tốt hơn so với trực tiếp tại lớp",rất tốt
"Ưu điểm: đi học đúng giờ, hiểu biết thêm về các phần mềm và sử dụng nhiều công cụ tin học văn phòng & Nhược điểm: Internet có khi không ổn định, mỏi mắt.",bình thường
"Ưu điểm: gv và sinh viên có sự tương tác tốt, kết quả: tốt",rất tốt
"ưu điểm: học được ở nhiều nơi, nhược điểm: mất mạng, mất điện dẫn đến không theo kịp bài giảng ",tệ
"ưu điểm: học thấy thoải mãi, không quá áp lực, có thể làm việc trong quá trình học Nhược điểm: không được gặp bạn bè , thầy cô trực tiếp. ",bình thường
"Ưu điểm: khả năng giảm thiểu chi phí đi lại, tiết kiệm được thời gian và không gian học tập... Nhược điểm: Môi trường học không kích thích được sự chủ động và sáng tạo của học viên...  Kết quả so với học trực tiếp tại lớp: kết quả cao hơn học trực tiếp",bình thường
Ưu điểm: không gian học thoải mái dễ tập trung. Nhược điểm: không có,bình thường
"ưu điểm: phù hợp cho tình trạng dịch bệnh hiện nay, nhược điểm: khó tiếp thu bài học hơn học trực tiếp",bình thường
ưu điểm: quản lí được thời gian nhược điểm: đường truyền hay bị mất ,bình thường
"Ưu điểm: thoải mái cho sinh viên về thời gian, dễ trao đổi với giảng viên ",bình thường
"Ưu điểm: thời gian ổn thỏa, giảm áp lực tài chính: Nhược điểm: đường truyền yếu, ",bình thường
Ưu điểm: thuận tiện hơn trong đi lại và giờ giấc. Nhược điểm: nhiều bạn thiếu thiết bị để học và 1 số tham gia qua link nhưng không tham gia học,bình thường
Ưu điểm: Thuận tiện. Nhược điểm: Mạng thỉnh thoảng hơi yếu. Kết quả không có nhiều khác biệt.,bình thường
Ưu điểm: tiện lợi cho việc sắp xếp lịch học dễ hơn. Nhược điểm: do đường truyền mạng không ổn định nên không tiếp thu hiệu quả. Do chưa học trên lớp bao giờ nên cũng không biết được ạ,bình thường
"Ưu điểm: Tiết kiệm chi phí, thời gian ổn thỏa. Nhược điểm: Đường truyền yếu",bình thường
"Ưu điểm: tiết kiệm được khá nhiều thời gian, hiệu quả môn học đạt kết quả cao",bình thường
ưu điểm: tối ưu trong thời gian dịch bệnh,không liên quan
ưu: linh hoạt thời gian/ đảm bảo an toàn trong tình hình dịch,không liên quan
uu; tiết kiệm thời gian. nhươc: mất mạng,không liên quan
Vẫn chưa nắm rõ được bài ạ,không liên quan
Vẫn thích học trực tiếp hơn ạ,không liên quan
"vào lớp đúng giờ, học ở mọi lúc mọi nơi. nhược điểm là mạng không ổn định, có thể ảnh hưởng do cúp điện",bình thường
"Việc học online chỉ có 1 khuyết điểm lớn nhất đó là đường truyền Internet còn lại thì ưu điểm rất nhiều, tôi được ở cạnh gia đình, cũng như đảm bảo an toàn cho mọi người xung quanh, kết quả học tập trực tuyến cao hơn so với truyền thống nhờ vào các đề thi dạng mở làm tăng tư duy, ứng dụng thực tế, và khiến tôi có thể được rèn luyện các kĩ năng tin học nhiều hơn.",tốt
"Việc học online là cần thiết trong thời buổi hiện nay, đảm bảo an toàn sức khỏe cho sinh viên và giảng viên. Hình thức học này vẫn đáp ứng được khả năng hiểu bài, tiếp cận tài liệu học tập và đạt mục tiêu môn học. Kết quả học tập có thể cao hơn so với học trực tiếp vì học và thi online tạo cảm giác thoải mái hơn cho sinh viên.",tốt
"Việc học online là cần thiết trong thời buổi hiện nay, đảm bảo an toàn sức khỏe cho sinh viên và giảng viên. Tuy nhiên, với cách giảng dạy và đánh giá của giảng viên, kết quả học tập trong lớp thấp hơn so với học trực tiếp, đề thi quá dài so với thời gian làm bài nên kết quả của môn học này sẽ bị ảnh hưởng. Kính mong xem xét và điều chỉnh cách đánh giá kết quả khách quan hơn. Cảm ơn !",tốt
Việc học online thuận lợi cho phát triển kiến thức công nghệ thông tin cho sinh viên nhưng có một vài khó khăn trong việc tiếp thu kiến thức,tốt
Vui,tốt
"Vui điểm số cao, cô vui tính",tốt
yên tĩnh không bị làm  phiền . khó hiểu bài . chậm hiểu hơn với việc học trục tiếp ,bình thường
yêu cô,không liên quan
yêu cô,không liên quan
yêu thầy,không liên quan
z,không liên quan
