Nh?n xét,c?m xúc
kHÔNG CÓ Ý KI?N,
khong co y kien,
ok,
không có ý ki?n,
K?t qu? ti?p thu so v?i h?c t?i l?p t?t h?n,
d? hi?u,
ki?n th?c th?y chia s? và gi?ng gi?y sát v?i th?c t?,
Không,
Không có,
Em không có ý ki?n,
khong co y kien,
c?i thi?n ti?ng ?n(t?p âm),
.,
.,
không,
.,
khong co,
K,
ít th?i gian t??ng tác và trao ??i bài v?i gi?ng viên,
.,
không,
ko có,
Nên cho h?c onl ?.,
Khong phai di chuyen xa,
Không,
không có,
.,
không,
không có,
"H?c tr?c tuy?n d?n ??n nhi?u b?t c?p nh? ti?p thu ki?n th?c không rõ ràng (do v?n ?? internet), không bao quát ???c ti?n ?? c?a sinh viên.",
ko,
 ,
y,
ko co,
ko tot,
Không có,
Không có,
Ti?n l?i khi ???c h?c ? nhà v?i tình hình d?ch b?nh còn ?ang c?ng th?ng ?,
ko có ý ki?n,
Cho t?t cam ?? h?n ch? dung l??ng m?ng c?ng nh? ?? gi?t lag,
Không có ý ki?n,
Không,
ko,
Không có ,
không có,
không có ý ki?n.,
Không ý ki?n,
không,
"Không ph?i di chuy?n. Không gian h?c tho?i mái, ???ng truy?n m?ng y?u. không hi?u qu? b?ng h?c tr?c tuy?n",
 Ki?n th?c còn khá b? h?n ch? nh?ng t?o cho em m?t thói quen t? h?c,
Em không có ý ki?n ?,
Không có,
không,
khong,
không có,
khong,
em không có ý ki?n ,
Không,
không ,
d? ?nh h??ng ??n vi?c h?c n?u m?t internet ,
Không có ý ki?n ?,
Không,
không có,
không,
k,
ko có,
Hic ,
không có ,
ok,
Không có,
không,
???ng truy?n internet; thi?t b? s? d?ng h?c tr?c tuy?n;,
.,
không có ý ki?n gì thêm ,
ko,
Em không có ? ,
d? không ?,
không,
Không,
Không,
ko có,
Ko,
không có,
không ý ki?n,
không có,
Không,
Gi?ng h?i nhanh ,
K,
t?t,
good,
?u ?i?m ???c hi?u nhi?u h?n v? môn ,
khong có,
h?c ???c không v?n ?? gì 10 ?i?m xu?t s?c,
T?t,
không có ?,
Không Có,
khó ti?p thu bài,
R?t d? hi?u,
Ok,
Không,
d? không có ?,
không thích h?c online ,
Không ?,
em không có ý ki?n ,
Không có ý ki?n,
Em không có ý ki?n ?,
không có,
không ,
d? em không có ý ki?n ?,
khong,
không,
Nh??c ?i?m: h?c online khá la khó ti?p thu h?t ???c ph?n l?n ki?n th?c .?a ?i?m không ph?i m?t công ?i l?i có chách nhi?m h?n v?n ?? t? h?c,
khong,
Ko,
Không có,
"nh??c ?i?m: nhàm chán, khó hi?u, d?y nhanh.",
không có,
không có,
không m?t nhi?u th?i gian ?i l?i nh?ng không n?m ???c h?t bài h?c trong ngày,
không có,
mong d??c h?c off,
do wifi y?u nên h?n ch? vi?c h?c ngo?i ra còn có 1 s? ng ko ?? ý ??n ti?t h?c ,
không có,
khó ti?p c?n bài h?n so v?i h?c tr?c ti?p,
kê?t qua? ha? 80% trên l??p tu?i no? che?p cu?a nhau lâ?n ?i ho?i ba?i l??p kha?c a? c?? biê?t vâ?y la? ????c,
không có,
Không có,
cô nên cho xem 1 s? ?ng d?ng thi?t th?c c?a ngành này,
Ti?n l?i nh?ng thi?u s? t??ng tác... K?t qu? không ?ánh giá quá ?úng th?c l?c.,
Không,
d? h?i bài gi?ng viên . l?u l?i bu?i h?c d? ôn t?p h?n,
không có,
ti?n l?i ?i l?i,
Ko có,
không có ý ki?n khác,
Không ,
không có,
Ko,
không có,
Không,
th?y d?y r?t nhi?t tình,
"?u ?i?m: yên t?nh, d? h?c  -  Nh??c ?i?m: gi?t, lag, m?t ?i?n  -  K?t qu? so v?i h?c tr?c ti?p t?i l?p: công b?ng, minh b?ch",
Không,
?u ?i?m là tho?i mái trong h?c t?p sinh ho?t cá nhân còn nh??c ?i?m là ko ti?p xúc ?c v?i các thi?t b? trên tr??ng  và k?t qu? h?c t?p em có khúc m?c v? v?n ?? ?i?m s?,
"?u: tho?i mái, nh??c: d? phân tâm",
không có,
Không,
không có ý ki?n,
Không,
Không,
không có,
"?u ?i?m: D? dàng t??ng tác v?i giáo viên, ngu?n ki?n th?c, tài li?u d? dàng ti?p c?n. Nh??c ?i?m: ?òi h?i v? các thi?t b? công ngh?, m?ng, ?i?n.",
không có,
"giao bài t?p th??ng xuyên ?? sinh viên làm quen ki?n th?c m?i, gi?ng d?y d? ti?p thu",
vì là h?c ngôn ng? l?p trình nên vi?c h?c tr?c tuy?n ??i v?i em c?ng nh? h?c tr?c ti?p không khác gì m?y,
"h?c onl r?t tho?i mái , th?c hành nhanh , ti?n d?ng , ??u ?? nh?ng kh? n?ng ghi nh? không b?ng h?c off .",
Không ?,
khong,
Không,
"yên t?nh, thu?n ti?n vi?c di chuy?n ?? h?c t?p, ???ng truy?n tín hi?u ?ôi lúc có s? s? trong quá trình h?c và thi c?",
không,
không có,
không,
không,
Không,
không có,
ki?n th?c còn h?n ch? so v?i h?c tr?c ti?p,
không có,
?? áp l?c và ?n ào khi h?c tr?c ti?p ?,
Không có ý ki?n nào khác ,
không có ý ki?n,
không có,
khong co,
không,
ko có ,
Không có,
Không,
khong,
không có,
cung c?p thêm nhi?u tài li?u cho sinh viên h?n,
Không có.,
Không có,
không,
nh? nhau ,
"v? v?n ?? ki?m tra, cá nhân em ngh? nên có m?t form ?? n?p bài t?p riêng ch? không nên n?p bài trên khung chat c?a gg meet (v?n ?? c?a hình th?c này là s? gi?i h?n kí t? c?a vi?c sao chép, gây khó kh?n cho vi?c n?p bài trong áp l?c th?i gian g?p)",
không,
Không,
Không,
"?u ?i?m: ti?t ki?m th?i gian ??n tr??ng, phát huy kh? n?ng t? h?c,...; nh??c ?i?m: không",
không,
ko,
a,
"?u ?i?m: ti?t ki?m th?i gian ??n tr??ng, phát huy kh? n?ng t? h?c,...; nh??c ?i?m: không.",
không,
ko,
a,
Ko,
cô d?y r?t nhi?t tình ? ,
không có ý ki?n,
"?u: tho?i mái, nh??c: khó ti?p thu",
Không,
d? hi?u bài,
ch?a có ý ki?n thêm,
không có ý ki?n gì ,
D? không,
Em không có ý ki?n ?.,
không ý ki?n,
Tho?i mái ,
Không ti?p thu t?t môn h?c,
không,
không,
 ,
Không ,
không có,
Ti?n l?i nh?ng thi?u s? t??ng tác... K?t qu? không ?ánh giá quá ?úng th?c l?c.,
c?i thi?n ? slide hình ?nh powpoint,
Không có,
mong ???c h?c tr?c ti?p,
"h?c online không m?t nhi?u th?i gian ?i l?i tránh ?i h?c, nh?ng khó n?m b?t ???c bài ",
không có,
xu?t s?c,
Không ý ki?n.,
Tuy?t v?i,
Không,
không có,
T?i ?u vi?c h?c cho nh?ng b?n thi?u giao ti?p và ng??c l?i cho nh?ng b?n không th? t?p trung,
"Ti?t ki?m , ?ôi khi khó nghe l?i gi?ng ",
"h?c vui v? hòa d?ng, nh??c ?i?m : khó tham gia vào các ho?t ??ng tr?c tuy?n trên l?p (do m?ng)",
d? em xin không có y ki?n gì thêm ?,
không,
không ý ki?n vì t??ng ??i là ?n,
khong co,
Không,
không,
không có ?,
không có ?,
không có,
không có ý ki?n,
ko,
"thu?n ti?n trong vi?c ?i l?i, không có, t?t",
Không,
không có,
Không ý ki?n ,
em không có ý ki?n gì,
Em không có ý ki?n,
.,
Không,
Khong co,
không ý ki?n,
Không có,
không ý ki?n,
H?c tr?c tuy?t không hi?u qu? h?n h?c tr?c ti?p,
Em ko có ý ki?n gì c?,
khong co,
th??ng hay b? l?i ???ng truy?n,
không có,
oke ,
Tình hình d?ch b?nh h?c onl là t?t ?!,
không có ý ki?n,
?u ?i?m ti?n ích,
Khu v?c c?a em hay m?t ?i?n,
Thu?n ti?n d? dàng h?n v?i sinh viên ? xa nh?ng quá trình gi?ng d?y và ti?p thu ki?n th?c không ???c nh? h?c trjwc ti?p t?i l?p,
Không có,
?n,
M?ng kém,
Không,
không có,
Khong,
khong ,
 không có,
không có ý ki?n,
không có ý ki?n,
Em dùng ?i?n tho?i nên không có ý ki?n gì,
T?t ?,
d? không,
không,
Không có,
không,
Không ? t?t c? ??u t?t,
t?t,
e không có ý ki?n,
Không có,
không,
H?c onl khó ti?p thu ???c h?t nh?ng j th?y c? d?y,
không có,
Không có,
Không,
không,
Em không có ý ki?n,
Không có,
Không có,
Không có ?,
m?ng hay b? lag làm m?t ti?ng nói c?a th?y cô giáo.,
"?u ?i?m là tho?i mái ?? áp l?c trong quá trình h?c ,nh??c ?i?m là ti?p thu bài ch?a ???c t?t khi h?c tr?c tuy?n,k?t qu? so v?i h?c tr?c ti?p t?i l?p thì khó kh?n m?t chút",
Không có,
?? t?n chi phí và th?i gian ?i l?i,
Ko có,
Không có,
Không ?,
Em mu?n h?c t?i tr??ng h?n ?,
Không có,
.,
Hi?n t?i thì không có,
Không có,
Ko có,
Không,
Không có,
Không,
Không,
không có,
"th?y r?t nhi?t tình, t?n tình, gi?ng d?y d? g?n, d? hi?u",
không có,
không có,
không có,
không có,
H?c online d? dàng cho sinh viên không ph?i di chuy?n,
d? m?t t?p trung,
"Em mong muô?n nha? tr???ng co? thê? thay thê? môn quô?c pho?ng an ninh cho em vi? em ?a? ho?c rô?i va? tr???c khi nhâ?p ho?c em ?a? co? ho?i tr???c v??i tr???ng ?ê? co? thê? nô?p la?i ba?ng ?iê?m cu?a mi?nh t?? tr???ng ?H FPT, va? ca? môn gia?o du?c thê? châ?t. Râ?t mong quy? Nha? tr???ng co? thê? check lai thông tin cu?a em t?? trang nhaphoctructuyen cu?a tr???ng mi?nh ?ê? em tra?nh ?i ????c khoa?n tiê?n hao phi? va? th??i gian cu?a mi?nh a?. Em xin chân tha?nh ca?m ?n.",
không có,
Ti?n l?i,
không có,
Không,
Không có,
không có,
d? em không có,
Không có ý ki?n,
em không có ý ki?n gì thêm ,
Không,
D? không,
không,
không,
khó ti?p c?n bài h?n so v?i h?c tr?c ti?p,
không có,
bình th??ng,
K cs,
không ?,
"?u ?i?m: quan tâm nhi?u t?i h?c sinh, luôn t?n tâm và  ??ng viên khuy?n khích, d?y thu hút h?c sinh.  nh??c ?i?m: không có",
Không có,
không có ý ki?n,
"?u ?i?m h?c online là d? t??ng tác,tho?i mái trong quá trình h?c",
không có,
Em không có ý ki?n khác,
d? không có,
không,
.,
T?t,
nên t? ch?c h?c tr?c ti?p s?m,
Cô r?t vui v? nhi?t tình,
.,
fsefsèesfse,
Không có,
Không,
Ko,
ok,
O có,
không,
không,
Nh??c ?i?m: khó trao ??i bài v?i các b?n khi làm vi?c nhóm,
online m?c dù lâu lâu b? lag m?ng và ???ng truy?n nh?ng các gi?ng viên ?ã hoàn thành t?t c?c công vi?c c?a 1 gi?ng viên ,
khong,
Ko có,
.,
Không có,
không có,
Không có,
t?t,
không,
Không có ý ki?n.,
H?c online t?t h?n ,
Không có,
không có,
ko,
0,
z,
 ,
Không có ,
không có,
Không,
Không,
Không có,
 ,
Em không có ý ki?m ?,
không,
không có,
dá,
không có,
không,
Em nh?n th?y k?t qu? h?c t?p c?a b?n thân khi online so v?i h?c tr?c ti?p t?i l?p là nh? nhau nên em không có ?óp góp gì thêm.,
Không.,
Không,
ko,
không,
t?t,
không,
Không có ý ki?n,
ko,
Không,
???c ghi l?i màn hình ?? xem l?i 1 l?n n?a .,
c,
em ngh? nên h?c offline ,
Không có ý ki?n,
khá tâm huy?t nhi?t tình ,
K,
khá h?ng ki?n th?c,
không,
.,
không,
có m?t s? ph?n m?m k ch?y ?c,
H?c nh? ? tr??ng,
d? không có ?,
Ko có ,
không có ?,
th?i gian h?p lý nh?ng internet và ?i?n thì ?ôi lúc có v?n ?? và k?t qu? t?t h?n so v?i h?c tr?c ti?p,
Không,
không,
Không có ý ki?n,
Không có,
Không,
Không,
Không có ý ki?n,
không có,
không,
không,
khong co,
Ko,
L?p em h?u nh? không ?a thái ?? d?y c?a th?y,
ko,
Không,
không,
ti?p t?c h?c onl ,
Không,
ko,
 ,
Không,
kh,
không có,
không,
Không có,
không có,
Không có,
Không có ý ki?n gì thêm,
?n,
.,
Khá ti?n cho HS SV,
d? b? m?t k?t n?i m?ng,
Không,
không có,
"H?c tr?c tuy?n thu?n l?i h?n trong v?n ?? v? ???ng truy?n m?ng, dây s?c, kh? n?ng t? h?c c?ng t?p trung và nâng cao h?n. ",
không có,
Không có,
không có,
??u t?t. ,
không ý ki?n,
Không có,
không,
h?c online ti?n h?n vì nhà xa,
H?c t?i nhà không c?n ra ???ng ti?p xúc nhi?u ng??i trong th?i ?i?m d?ch b?nh,
Không có,
T?t,
không có ý ki?n,
Không có ?,
Không,
ko có j ,
không có,
Không nên h?c online,
.,
Không có ý ki?n,
ko,
không có,
không có,
ko,
Không,
ko co,
Không,
k,
Không có ý ki?n.,
không có,
không có ý ki?n,
không có,
D? t??ng tác t? xa v?i nhóm h?n,
không có,
Không có,
không có ý ki?n ?,
khong,
ko có ý ki?n,
 ,
không có,
không ,
không có,
Ko,
Không,
Không ý ki?n,
không có ý ki?n,
a,
ko có,
Không có,
Không,
không có,
không có,
ko có,
Không có,
ko,
không,
không có ,
Không ,
"gv trong gi? h?c ?ang gi?ng th??ng t? nhiên im l?ng không gi?ng ti?p, thiên v? sv, ch?m ?i?m cho không công b?ng",
.,
mong hoc online la hon,
Không,
Không,
Không,
không có,
 ,
Không,
.,
Không có,
không có,
không có,
không có ý ki?n,
Không có ý ki?n ,
Null,
H?c online bao quát h?n và d? hi?u ví d? c? th? qua ph?n m?n r?t d? ti?p th? h?n H?c trên l?p. ,
không,
.,
?u ?i?m là không t?n th?i gian ?i l?i.,
OK,
none,
Không có,
không,
ko,
??ng ý,
Ko,
 t?t,
Không,
Không có,
ko có,
Không có,
Không có,
a,
Không,
Nope,
Không có,
K,
không,
Không có ,
.,
"H?c online giúp cho b?n thân t? h?c t?t h?n, ti?n h?n",
gi?m b?t ti?ng ?n(t?p âm),
kHÔNG CÓ Ý KI?N,
kh,
không có,
Không,
Không,
không có,
không có,
Tho?i mái nh?ng khó hi?u h?n h?c offline,
Không có,
Ko có,
Thích h?c online h?n trên l?p,
không có,
Không,
Không có,
không có,
Không có,
không có,
Không,
K?t qu? t?t h?n h?c tr?c ti?p,
Ko có,
Tho?i mái nh?ng khó hi?u h?n h?c offline,
Em không có,
nên h?c online thêm,
Em không ý ki?n,
K?t qu? t?t h?n h?c tr?c ti?p,
"Th?i gian, không gian linh ho?t h?n",
"Môn h?c này ch? y?u là t?p trung vào vi?c th?c hành ? trên máy tính/ laptop, cách d?y c?a th?y r?t thích h?p cho vi?c h?c online và c?ng t?o ?i?u ki?n r?t nhi?u các b?n trong l?p có th? qua môn v?i s? nh?ng con ?i?m t?t",
Nên ti?p t?c vi?c h?c online cho sinh viên,
d?,
"H?c on khá t?t, k?t qu? ko khác nhau là m?y",
nên ti?p t?c h?c online,
Không,
Ko có,
Không,
"th?i gian t?t, internet và ?i?n thì không ?n ??nh, k?t qu? t?t h?n",
Ko có ,
không,
Không,
Không có ý ki?n,
Không,
không có ý ki?n,
Không có,
không,
quá b?t ti?n khi h?c online,
Không,
b? h?ng ki?n th?c nhi?u,
d? không có ý ki?n ?,
Không,
Không,
Khong có,
khá tâm huy?t nhi?t tình  ,
ko,
H?c t?t,
ko,
h?c m?i lúc ,
không,
.,
k,
không,
không,
Không có ý ki?n,
k co,
Không,
Không,
không,
k,
tot,
không,
k,
Không có,
Không,
No,
ko,
không,
"Cô d?y r?t hay, nhi?t tình, d? hi?u, có tâm.",
Không,
không có ?,
Ko nên h?c online,
không có,
Không,
khong co,
T?t,
không có,
không có,
nên làm cho nó thú v? h?n sinh viên ?? nhàm chán,
không có,
không có,
Ti?n l?i nh?ng thi?u s? t??ng tác... K?t qu? không ?ánh giá quá ?úng th?c l?c.,
khong có,
gi?ng viên gi?ng l?i bài c? r?t d? ti?p thu và ?úng tr?ng tâm,
d? không có ?,
Không,
.,
D? DÀNG H?N H?C T?I TR??NG,
Không có,
ko co,
t?t,
Không,
Không Có,
không,
vì h?c onl nên mình d? dàng tham kh?o ?c nh?ng tài li?u trên m?ng nên có th? k?t qu? s? ?c cao h?n so vs h?c off ? ,
Ko,
"Nh??c ?i?m : M?t ?i?n b? khá nhi?u ki?n th?c bài h?c và m?t t?p trung : Gi?t, lag khi m?ng y?u...",
Ko có,
"vi?c ?ng d?ng công ngh? thông tin ?? khai thác các bài gi?ng c?a th?y cô giáo nh?ng trên th?c t?, hoàn c?nh, ?i?u ki?n c? s? v?t ch?t c?a gia ?ình h?c sinh s? chi ph?i nhi?u ??n ho?t ??ng h?c tr?c tuy?n",
Không ,
Không,
Không,
"?u: tho?i mái không áp l?c, nh??c: ti?p thú khó",
Không,
Không,
Không có,
em th?y ko có lun,
Không,
giúp sinh viên giao ti?p giáo viên t?t h?n . có th? quay l?i bu?i h?c ?? xem l?i t?t h?n,
không có ý ki?n,
không có,
R?t có tâm v?i ngh?,
"chán, ch?a có ??ng l?c h?c",
Không ?,
?u ?i?m h?c m?i lúc m?i n?i và nh??c ?i?m là không th? ti?p xúc tr?c ti?p gi?ng viên,
"n?i h?c yên t?nh, thu?n ti?n cho vi?c di chuy?n khi h?c t?p, ???ng truy?n tín hi?u có lúc g?p s? c? trong quá trình h?c t?p",
Không có,
không,
ko co,
khó ti?p thu bài,
không ph?i ?i xa,
"?u ?i?m: D? h?c, không gian yên t?nh, Nh??c ?i?m: m?ng lag, K?t qu? so v?i h?c tr?c ti?p t?i l?p: Minh b?ch, công b?ng",
Th?y quá khó. H?c sinh không tho?i mái áp l?c l?m:)) ,
Không có ý ki?n nào khác ,
Th?y d?y r?t có tâm và r?t nhi?t tình giúp ??,
Không có,
không có ý ki?n,
Không a?,
Không,
không có ý ki?n khác,
không có,
không có,
Không,
khong,
Ch?a nh?n xét ???c vì ch?a h?c tr?c ti?p,
em h?c off thì s? ti?p thu ki?n th?c t?t h?n,
d? không,
mong ???c h?c tr?c ti?p h?n,
Không có,
?u ?i?m không m?t nhi?u th?i gian ?i l?i nh??c ?i?m khó hi?u bài k?t qu? h?c t?p thì ch?c không b?ng h?c tr?c ti?p,
không có,
không,
m?ng b?t ?n ??nh,
good,
"?u thu?n l?i , nh??c là v?n còn nhi?u lúc k t?p chung",
ko,
không có ý ki?n gì thêm ,
không ý ki?n,
d? không có ?,
"Th?y d?y nhi?t tình, d? ti?p thu",
Không có ?,
Không có,
ki?n th?c không ???c sinh viên ti?p thu ??y và ?? so v?i h?c tr?c ti?p,
Không có,
Nh??c ?i?m ch?a ???c th?c hành t?i tr??ng,
không,
không co gì b?t ?n,
khong co,
Không có,
Không,
ko có,
khong,
?u ?i?m t?t       nh??c ?i?m: không có.,
không ,
T?t r?i ?,
khó ti?p c?n bài h?n so v?i h?c tr?c ti?p,
Nói chung v?n t??ng ??i là ?n ch? ph?n nào h?n ch? b?i s? th?c m?c không ???c gi?i ?áp tr?c ti?p nên t?o ra nhi?u khó kh?n h?n ,
khó ti?p thu ,
không,
Không có ý ki?n ?,
Không có ?.,
Khong,
không,
h?c d? hi?u,
Em không có ý ki?n ?,
???ng truy?n m?ng y?u ?nh h??ng ??n vi?c h?c t?p,
em không có ý ki?n ,
"vi?c giàng d?y và ti?p thu khá ?n và ?? hi?u , m?ng hay b? delay nh?ng không sao , n?u ???c record l?i thì s? v??t b?c h?n n?a  , ",
Không,
thêm ?ng d?ng qu?n lí bài t?p,
không có,
không có,
Ko,
Không có,
Không có,
khong,
không,
V? vi?c h?c online ??i v?i em c?ng không khác gì h?c tr?c ti?p ,
không có ?,
Không có,
Ok,
H? tr? chi phí phát sinh cho sinh viên - nh?ng chi phí mà ?ã thu trong h?c phí nh?ng sinh viên không ???c dùng ph?i c?t gi?m,
không có,
t?t,
không có,
Không có,
Không,
khong co,
d? không,
không,
không có,
không có dóng góp gì thêm,
Không có.,
"?u ?i?m: D? dàng t??ng tác v?i giáo viên, ngu?n ki?n th?c, tài li?u d? dàng ti?p c?n. Nh??c ?i?m: ?òi h?i v? các thi?t b? công ngh?, m?ng, ?i?n.",
Không,
khong,
không có,
h?c online và h?c offline có nhi?u ?u mà nh?c ?i?m riêng,
không,
nên ??a ra nhi?u câu h?i h?n và g?i sv tr? l?i ,
không có ý ki?n,
không có,
H?c online d? dàng tìm tài li?u h?n,
không,
không,
không,
ko có,
a,
không có,
không,
không có,
Không có,
không có,
Mong nh?ng môn sau gi?ng viên có trách nhi?m h?n ch? không ph?i ??u gi? ?i?m danh xong m?t tích,
c,
Không,
Không có ý ki?n,
không,
Không có,
"Có th?i gian h?n ?i h?c tr?c ti?p, do không c?n di chuy?n nhi?u. ?ôi lúc m?ng kém ?i?m danh không bi?t.",
không có ý ki?n,
không,
K,
"?u ?i?m là h?c ch?m ch? h?n và ti?t ki?m nhi?u chi phí h?n, nh??c ?i?m là nhà ?n v?i ???ng truy?n kém",
Không,
không có,
không có,
không có ?,
em ngh? h?c offline s? t?t h?n,
không có,
ko,
Không có ý ki?n,
ko,
"thu?n l?i, internet và ?i?n không t?t, k?t qu? t?t h?n",
m?t ?i?n là n?i lo,
.,
h?c on thu?n l?i nhanh chóng nh?ng b? h?ng ki?n th?c khó ti?p thu ???c nh? h?c off,
d? không có ?,
No,
Không có ý ki?n,
H?c online thì d? th? h?n chút,
0,
Không,
không có ý ki?n,
Ko có ,
Không,
Ko,
không có,
Không có,
ko,
mong duoc hoc online lau hon,
K,
Nope,
"Ti?n l?i h?n khi không ph?i ??n tr??ng, sinh viên t? ch? th?i gian t?t h?n",
Không có,
 ,
Không,
Không có ý ki?n ,
không,
không có,
Không ,
Không,
không,
Không có,
Không,
Không,
.,
Không,
không có ý ki?n,
.,
.,
không,
none,
t?t,
ko,
a,
Không có,
ko có,
không,
Không,
không có,
??ng ý,
Không,
nghe rõ h?n nh?ng m?ng y?u thì k nghe ???c,
OK,
Không t?n th?i gian ?i l?i,
không có,
Không có,
Ti?p t?c h?c onl,
không có,
khong co,
không có,
Không,
không ,
Ko có,
"?u ?i?m: không t?n th?i gian di chuy?n vì nhà xa, nh??c ?i?m: khó h?i bài vì th?c hành, k?t qu? em th?y ? nhà h?c d? h?n d? tìm hi?u trên m?ng",
Không,
?n,
ko có j ,
Không có,
Ok,
không có ,
Không có ý ki?n,
T?t,
không có,
Không ý ki?n,
không có ý ki?n ?,
không,
không có ý ki?n,
không ,
Không ý ki?n,
.,
Khôg,
Không nên h?c online,
không ý ki?n,
không có ý ki?n khác,
không có,
 ,
??t k?t qu? t?t h?n so v?i h?c t?i l?p,
Không có,
 ,
không có,
Không Có,
Không có ý ki?n.,
không có,
 không có,
không có,
không có,
khong,
Không có,
không có,
Không,
không có,
Không,
Không,
không có,
Phi?n ph?c và nhi?u ti?ng ?n,
Không có,
không,
Không có ,
Không có,
Không có,
hoc online tot hon,
không có,
Ko,
K,
Không,
ko,
Không có,
không,
d? em không có ý ki?n,
Không ,
không,
Không có ,
ko,
.,
Không,
Không,
Không có ý ki?n ,
.,
 ,
Không có ,
không,
Không có,
Không có,
Không có,
không ý ki?n,
H?c t?i nhà không c?n ra ???ng ti?p xúc nhi?u ng??i trong th?i ?i?m d?ch b?nh,
Không có,
"H?c tr?c tuy?n thu?n l?i h?n trong v?n ?? v? ???ng truy?n m?ng, dây s?c, kh? n?ng t? h?c c?ng t?p trung và nâng cao h?n. ",
không có,
.,
không ý ki?n,
Không có ?,
Không có,
.,
không có ,
OK,
t?t,
Không có,
a,
none,
không,
"?u ?i?m là d? th?o lu?n tr?c ti?p v?i gi?ng viên, các nh??c ?i?m do sinh viên ít ho?c kém t??ng tác nhi?u v?i gv",
ko,
ko co,
ko,
ko có ý ki?n,
ko,
Không có,
Không,
.,
không,
không ý ki?n,
không,
H?c online ti?n h?n vì nhà xa,
??ng ý,
Không,
Thích h?c online ,
không có ý ki?n,
không,
Không ý ki?n,
không có ý ki?n,
Không,
Không,
kh,
Khá nhi?u ?u ?i?m ti?n l?i và d? ti?p thu ,
K,
ko,
không có,
Không có,
Em không có ý ki?n,
khong co,
Không có ý ki?n gì thêm,
Không có ý ki?n ?.,
.,
.,
không,
.,
ko,
không,
c,
Khong có,
d? m?t ?i?n,
h?ng ki?n th?c khó ti?p thu bài h?c,
không ?,
ko,
không,
Không có ý ki?n,
Không có ý ki?n,
không,
Không có ý ki?n,
Không,
không,
Không có,
Không,
Không có ý ki?n,
ko,
h?c offline s? t?t h?n,
Ko,
k,
không,
không,
Không,
Nhi?t tình,
Không,
"th?i gian d? dàng nh?ng v? v?n ?? internet và ?i?n không ??m b?o, k?t quà t?t h?n so v?i h?c tr?c ti?p",
không có nh?n xét gì thêm,
k,
Ko có ,
Không,
không có,
Không,
khong co,
 Không,
Không có gì ?? ?ánh giá h?t,
Không,
H?c nh? ? tr??ng,
không có,
không,
im l?ng và im l?ng h?t ti?t và ra v?,
không,
ko,
không,
Không có l?i gì ?? nói,
không có ?,
T?t,
không có,
T?t h?n h?c offline r?t nhi?u,
"không ???c g?p g? giao l?u v?i th?y cô, b?n bè, ki?n th?c ti?p thu h?n ch? h?n, công c? h?c t?p h?n ch?",
khong có ý ki?n,
thêm nhi?u video h?n,
không,
.,
khong,
không c?n di chuy?n nhi?u ,
không có,
Không,
không,
Khong y kien,
Không có.,
Cô h?i mà không ai tr? l?i,
Không có,
Không có ý ki?n khác,
không có,
không ,
không,
khong co,
không,
không có,
Không,
"Th?y d?y r?t hay và nói r?t là chú ý v? kinh nghi?m th?c t? làm em nghe c?ng b? cu?n theo nh?ng mà khi th?y d?y 1 s? ?? nào ?ó thì th?y nên demo s?n ? m?c khá và gi?i thích c?n c? ,nh?ng ??ng nói nhi?u quá khi?n các b?n n?n ,và các s? ?? càng ti?ng vi?t càng t?t nha th?y",
Ko có,
không ,
khong,
khong co,
không,
không có,
Không,
Không,
không ,
khong,
Không,
không có,
không,
khong co,
Ôn thi nh?t ng? thu?n ti?n ,
không,
muon duoc tiep tuc hoc online do tinh hinh dich khong tot va quang duong toi truong qua xa,
Không y? kiê?n,
Không có,
không có,
Không có ý ki?n khác,
Không,
Không có.,
 không,
M?ng m?t khó kh?n trong vi?c x? lý bài t?p,
không có ,
?u ?i?m là h?n ch? d?ch nh??c ?i?m là khó ti?p thu trao ??i v?i th?y cô b?n bè thi online k?t qu? ?n,
"d? qu?n lí th?i gian, khó g?p m?t b?n bè, ?i?m s? cao h?n lúc ? trên l?p",
k?t qu? s? t?t h?n,
"?u ?i?m: h?n ch? th?i gian di chuy?n, tìm tài li?u d? dàng h?n. Nh??c ?i?m: ???ng truy?n hay g?p s? c?, có m?t s? bài ch?a ti?p thu k?p",
không có,
không có,
t?t,
Không,
Mong r?ng sau này không h?c l?i th?y,
Không có,
0,
"không ???c g?p g? giao l?u v?i th?y cô, b?n bè, ki?n th?c ti?p thu h?n ch? h?n, công c? h?c t?p h?n ch?",
ok,
không có,
không,
không ph?i di chuy?n qua l?i gi?a các l?p h?c ,
khong,
Không,
Nh??c ?i?m  hay b? l?i s? c? m?ng ,
không,
không có ?,
không có,
K,
không có ý ki?n,
Không có,
Không,
Không,
không có,
không có,
không có,
không có,
không có,
Không,
Không có,
không có,
K có,
H?c offline khó hi?u h?n h?c ph?n tr?c ti?p ,
không có,
khó ti?p c?n bài h?n so v?i h?c tr?c ti?p,
?u ?i?m ???c h?c t?i nhà nh??c ?i?m ch?a g?p g? b?n bè và tr??ng k?t qu? r?t t?t c?n c? g?ng thêm n?a ,
Không có,
Không có ,
mong h?c of ko mu?n h?c online,
Không có,
không có,
không,
Không,
Không có nh??c ?i?m ,
T?ng c??ng làm bài t?p ,
Ti?n l?i nh?ng thi?u s? t??ng tác... K?t qu? không ?ánh giá quá ?úng th?c l?c.,
tránh tình tr?ng ?i h?c mu?n ???ng truy?n m?ng khó hi?u bài,
không có,
Không,
"H?c online c?ng khá ph? h?p trong mùa d?ch b?nh hi?n t?i, ch?t l??ng gi?ng d?y và h?c t?p ?? ?n h?t",
không ý ki?n gì,
không có,
Ok,
"?u ?i?m: D? dàng t??ng tác v?i giáo viên, ngu?n ki?n th?c, tài li?u d? dàng ti?p c?n. Nh??c ?i?m: ?òi h?i v? các thi?t b? công ngh?, m?ng, ?i?n.",
không có,
không,
D? không,
Không có,
"hay b? nh?m l?n bài toán trong lúc h?c, bù l?i l??ng bài t?p khá phong phú d? hi?u , hay ???c gi?ng viên ch? d?n làm bài t?n tình  và khó làm bài v? nhà ",
không,
không có,
?u ?i?m ti?n ích,
Không,
??i v?i em vi?c h?c online và tr?c ti?p ??u nh? nhau không khác gì m?y,
th??ng hay b? l?i ???ng truy?n,
khong,
không có,
khong co,
Không có,
Không có.,
K cs,
bình th??ng,
không ý ki?n,
em không có ý ki?n gì thêm,
"?u ?i?m h?c online là d? t??ng tác,tho?i mái trong quá trình h?c",
Không có,
Có ph?n giao ti?p khó v?i các b?n ,
Không,
Không,
.,
Không,
Ko có,
không có ý ki?n gì thêm,
d? không ?,
Không,
t?t,
không,
m?ng không ???c ?n ??nh ? ,
h?i bài và giao ti?p gi?ng viên t?t h?n nhi?u .,
không có,
Không,
không có,
khong có,
Không,
Không,
"?u ?i?m thu?n l?i vì d?ch b?nh, nh??c k t?p chung ",
h?c onl ti?n l?i,
ko,
không có,
Không có,
không,
Không ,
không có,
không có ?,
Không có,
Không có,
Ko,
?u ?i?m cho nh?ng b?n không thích giao l?u và ng??c l?i ??i v?i nh?ng b?n thích giao l?u và thi?u t?p trung,
không,
E không có ý ki?n,
không có ý ki?n,
mu?n h?c t?i tr??ng ,
không ?,
không có ý ki?n,
K?t qu? cao h?n ??i v?i h?c off,
xu?t s?c,
Không ý ki?n.,
D? em không có ý ki?n ?.,
H?c onl khó ti?p thu h?t ???c nh?ng j mà th?y cô gi?ng d?y,
Không có,
không,
Không có,
Em không có ý ki?n,
Không,
t?t,
không có,
h?c onl thì còn m?t s? v?n ?? ko th? trao ??i v?i gv ???c ,
d? không có,
không có,
T?t ?,
h???ng dâ?n va? cho nhiê?u ba?i tâ?p t??ng t??,
Không có,
Không,
Em không có ý ki?n ?óng góp,
Không có,
"?a ph?n thì em ??u th?y r?t t?t ? , ngo?i tr? vi?c giáo viên c?n t??ng tác nhi?u h?n v?i sinh viên chúng em là ???c r?i ?",
Không,
không có,
không ý ki?n,
Không,
Tho?i mái nh?ng khó hi?u h?n khi h?c off,
không,
D? không,
Sinh viên không th? ti?p thu 1 cách t?t nh?t,
Xu?t x?c,
d? em không có,
"Ti?t ki?m th?i gian ,khó hi?u không ?a d?ng",
ch?a có ý ki?n thêm,
khong ,
Không có,
d? em không có ý ki?n ?,
em không có ý ki?n ,
Không,
"Do trong quá trình h?c thì có nhi?u b?n gi?i nhi?u ng??i kh b?ng, nên có s? chênh l?nh kha khá, b?n gi?i gi? tay nhi?u gi?ng viên s? qua bài nhanh, nh?ng m?t s? b?n kém h?n có th? theo không k?p",
không có,
Em không có ý ki?n ?,
không ,
không có,
ko,
khong,
a,
Nh??c ?i?m: h?c online khá la khó ti?p thu h?t ???c ph?n l?n ki?n th?c .?a ?i?m không ph?i m?t công ?i l?i có chách nhi?m h?n v?n ?? t? h?c ,
Không có ý ki?n ?,
không,
không,
khong,
Không,
không có ?,
K,
?u ?i?m và nh??c ?i?m g?n nh? ngang nhau nên không ý ki?n gì n?a mong gi?ng viên s? thay ??i tính tình,
không có,
Không ?,
Không có,
Không,
Không có,
không có ý ki?n,
Ko,
không,
Mong th?y cho các ho?t ??ng vui vui ?? bu?i h?c thêm soi n?i,
?ôi lúc b? lag làm m?t ti?ng c?a giáo viên khi d?y,
d? em xin không có ý ki?n gì ?,
d? không,
"?u ?i?m là ?? áp l?c trong quá trình h?c và giúp c?i thi?n t?t quá trình t? h?c ,nh??c ?i?m là ti?p thu bài ch?a ???c t?t so v?i h?c tr?c ti?p , k?t qu? là giúp nâng cao ý th?c t? giác ,t? h?c ?? c?i thi?n b?n thân",
Khong,
không có,
không,
th?y cô nên ??u t? thi?t b? ho?c linh ho?t thay ??i cách gi?ng d?y ?? h?c sinh d? dàng ti?p thu h?n,
Không có,
Không,
ko ,
"?u ?i?m c?a l?p h?c tr?c tuy?n là kh? n?ng gi?m thi?u chi phí ?i l?i, ti?t ki?m ???c th?i gian và không gian h?c t?p. H?n th? n?a, vi?c xây d?ng thi?t k? web tr??ng h?c không t?n nhi?u chi phí b?ng vi?c xây d?ng m?t tr??ng h?c và c?ng không c?n gi?y phép xây d?ng ph?c t?p. Ngoài ra, khóa h?c online còn có các ?u di?m khác:  + ?ào t?o m?i lúc m?i n?i: Truy?n ??t ki?n th?c nhanh chóng, thông tin theo yêu c?u c?a h?c viên. Ng??i h?c có th? truy c?p vào các khóa h?c tr?c tuy?n t?i b?t k? n?i ?âu: ? nhà, n?i làm vi?c hay các ??a di?m m?ng internet công c?ng và vào b?t ký th?i gian nào thích h?p khi ng??i h?c mu?n.  + Ti?t ki?m chi phí h?c t?p: Giúp h?c viên gi?m t?i kho?ng 60% chi phí ?i l?i, ??a ?i?m t? ch?c h?c t?p. M?i h?c viên ??u có th? ??ng ký nhi?u khóa h?c và thanh toán tr?c tuy?n chi phí h?c t?p.  + Ti?t ki?m th?i gian h?c t?p: So v?i ph??ng pháp ?ào t?o truy?n th?ng thì các khóa h?c qua m?ng giúp h?c viên ti?t ki?m kho?ng t? 20 ??n 40 % th?i gian ?o gi?m ???c th?i gian ?i l?i và s? phân tán.  + Linh ??ng và uy?n chuy?n: H?c viên có th? ch? ??ng và linh ho?t trong vi?c l?a ch?n website h?c qua m?ng v?i s? ch? d?n c?a giáo viên hay nh?ng khóa h?c tr?c tuy?n qua m?ng v?i hình th?c t??ng tác. Ngoài ra, h?c viên còn có th? t? ??ng ?i?u ch?nh t?c ?? h?c t?p theo kh? n?ng, và còn có th? nâng cao thêm ki?n t?c thông qua nh?ng tài li?u c?a th? vi?n tr?c tuy?n.  + T?i ?u n?i dung: Các cá nhân hay t? ch?c ??u có th? thi?t k? website d?y h?c qua m?ng nh?ng c?p ?? ?ào t?o l?i khác nhau giúp h?c viên d? dàng l?a ch?n. ??ng th?i n?i dung truy?n ??t ph?i t?i ?u và nh?t quán.  + H? th?ng hóa: Nh?ng h? th?ng h?c t?p tr?c tuy?n cho phép h?c viên d? dàng tham gia khóa h?c, và có th? theo dõi k?t qu? c?ng nh? ti?n ?? h?c t?p. V?i kh? n?ng thi?t k? website qu?n lý h?c sinh sinh viên, giáo viên có th? bi?t ???c nh?ng h?c viên nào tham gia khóa h?c, khi nào h? hoán t?t quá trình h?c t?p và ??a ra gi?i pháp th?c hi?n giúp h? phát tri?n trong quá trình h?c.  Nói chung, ?u ?i?m c?a ?ào t?o qua m?ng mang l?i s? ti?n ích cho c? ng??i h?c và gi?ng viên.  + ??i v?i gi?ng viên: có th? s? d?ng hình ?nh, âm thanh và video ?? truy?n ??t n?i dung h?c t?p ??n ng??i h?c thêm h?p d?n và sinh ??ng h?n. Ngoài ra, còn có th? qu?n lý h?c viên thông qua tính n?ng thi?t k? website qu?n lý tr??ng h?c.  + ??i v?i h?c viên: Ti?t ki?m ???c nhi?u chi phí h?c t?p c?ng nh? chi phí ?i l?i và ??a ?i?m. Ngoài ra, hình th?c tr? h?c phí c?ng ??n gi?n thông qua tính n?ng thi?t k? website thanh toán online. Ngoài nh?ng ?u ?i?m ti?n ích thì ?ào t?o qua m?ng còn có nh?ng nh??c ?i?m nh? sau:  + H?c viên không có nhi?u c? h?i h?c h?i trao ??i thông tin v?i b?n bè.  + Mu?n h?c viên h?c t?p t?t thì h?c online ph?i có ??i ng? giáo viên h??ng d?n rõ ràng.  + H?c tr?c tuy?n online không phù h?p v?i các thành ph?n h?c viên l?n tu?i không thành th?o máy vi tính.  + Các t? ch?c ?ào t?o l?p trình website d?y h?c không ?? tiêu chu?n, s?c ch?a cho s? l??ng h?c viên có th? h?c v?i tình tr?ng hình ?nh, âm thanh ?n ??nh.  + Môi tr??ng h?c không kích thích ???c s? ch? ??ng và sáng t?o c?a h?c viên.  + H?c tr?c tuy?n qua m?ng làm gi?m kh? n?ng truy?n ??t v?i lòng say mê nhi?t huy?t c?a giáo s? ??n h?c viên.  + M?t s? gi?ng viên không quen v?i vi?c s? d?ng m?ng internet nên làm t?ng kh?i l??ng công vi?c c?ng nh? áp l?c cho gi?ng viên.  + Làm n?y sinh ra các v?n ?? liên quan ??n an ninh m?ng c?ng nh? các v?n ?? v? s? h?u trí tu?.",
T?t,
ko có,
không có,
khong co,
h?c online có th? quay video bu?i h?c thu?n ti?n cho vi?c ôn bài. v? khó kh?n là d? b? m?t t?p trung,
Không có,
không,
không có,
Em không hi?u gì h?t,
không có,
Không a?,
không ý ki?n,
không,
khó ti?p thu bài,
.,
"chán, không có ??ng l?c h?c",
"thu?n ti?n trong vi?c ?i l?i, không có, t?t",
good,
Không có ý khi?n khác,
Không,
 ,
không,
không có ?,
ko có,
không,
Ti?n l?i nh?ng hi?u qu? khônhg cao,
Không có,
không có,
d?ch h?c onl t?t ?,
Không có,
không có,
em không có ý ki?n gì,
"?u: tho?i mái, nh??c : h?i khó ti?p thu",
d? m?t t?p trung,
Không có,
Không có ý ki?n gì,
Không,
Nh??c ?i?m: m?t ?i?n thì không th? h?c ???c,
Ko,
không có,
Khong co,
Không,
"?u ?i?m: yên t?nh, d? h?c  -  Nh??c ?i?m: gi?t, lag, m?t ?i?n  -  K?t qu? so v?i h?c tr?c ti?p t?i l?p: công b?ng, minh b?ch",
Không,
Không ,
?n,
Không,
H?c online d? dàng cho sinh viên không ph?i di chuy?n,
Không,
không có,
"th?y d?y d? hi?u , hi?n, luôn gi?i ?áp th?c m?c cho h?c sinh",
Không có,
..,
không có ý ki?n khác,
T?m th?i thì ch?a có,
không có ý ki?n gì ,
Không có,
thoái mái và d? hi?u,
không ý ki?n,
không ý ki?n,
th?y gi?ng d?y r?t nhi?t tình ,
không có ý ki?n,
không có ý ki?n,
??t nhiên m?t m?ng,
Không,
Không ý ki?n ,
không có,
Em không có ý ki?n ?,
Không,
không có ,
?u ?iê?m: tin tin pha?t biê?u. nh???c ?iê?m: ?ô?i khi ma?ng bi? ?? va? không nghe ro? ,
không,
 khong  co,
không,
Không có,
Ko,
"H?c online s? khó ti?p thu vs khó giao l?u gi?a m?i ng??i ,h?c tr?c ti?p s? d? ti?p thu và giao l?u d? dàng",
k co,
nh? trên ?,
Không có,
Không,
K,
Không,
nên h?c online n?u không có môn th?c hành,
em v?n thích h?c tr?c ti?p t?i tr??ng mình h?n,
?u ?i?m: giúp cho sinh viên h?c tho?i mái h?n. Nh??c ?i?m : sinh viên không ???c g?p tr?c ti?p gi?ng viên và b?n bè ?? th?o lu?n bài cho hi?u thêm nhi?u ki?n th?c,
không có,
Ch? ??ng ???c th?i gian nh?ng ch?a quen v?i cách h?c nên ti?p thu bài b? h?n ch?,
Ko có,
Không,
Em không co? y? kiê?n,
không,
ko,
tô?t,
t?m th?i ch?a có ý ki?n!,
"?u ?i?m: có th? ?i?u ch?nh th?i gian,nh??c ?i?m: ph?i t?p trung cao ?? m?i hi?u bài,So v?i h?c tr?c ti?p t?i l?p  thì s? ch?c d? hi?u h?n ",
Không có,
"?u ?i?m: D? dàng t??ng tác v?i giáo viên, ngu?n ki?n th?c, tài li?u d? dàng ti?p c?n. Nh??c ?i?m: ?òi h?i v? các thi?t b? công ngh?, m?ng, ?i?n.",
Ti?t ki?m ???c th?i gian,
Không có,
t?t,
Ko có,
Không có,
t?t,
ko,
khong có,
?u cho hi?u bi?t thêm nh?ng ki?n th?c m?i,
khong y kien,
Không,
không,
d? không có ?,
ti?n l?i ?i l?i,
không có ý ki?n gì thêm ,
Không,
không có,
Không,
Không,
Không,
Không,
không,
Ko coa,
ch?a h?c GV này nên ch?a bi?t,
?ôi khi th?y cô nên cbi bài gi?ng chi ti?t h?n n?a,
.,
Em không có ý ki?n,
r?t oke,
ti?p thu kiên th?c còn h?n ch? so v?i h?c tr?c ti?p,
Không,
Không có ý ki?n nào khác ,
"R?t thích th?y ??ng V?n Yên d?y môn Gi?i tích, th?y nhi?t tình và ?áng tin c?y, ch?u khó v?i sinh viên",
d? không có ?,
Không có,
ko,
mong ???c h?c tr?c ti?p,
R?t mong nh?ng kì sau v?n ???c h?c th?y.,
Không Có,
không có,
không,
"không m?t nhi?u th?i gian ?i l?i,nh?ng khó hi?u bài",
không có,
Không,
Ti?n l?i nh?ng thi?u s? t??ng tác... K?t qu? không ?ánh giá quá ?úng th?c l?c.,
không,
Không có,
không có ?,
không,
nên t??ng tác v?i nhi?u sinh viên h?n,
giao ti?p bao qu?t và s?n sàng gi?i ?áp th?c m?c c?a sinh,
không có,
Không qj,
không có,
không có,
c?n quay l?i video bài gi?ng,
không,
không có,
"?u ?i?m: nhi?t tình, hay cho bài t?p c?ng ?i?m, khuy?n khích h?c sinh l?y ?i?m c?ng      nh??c ?i?m: d?y nhanh",
"Môi tr??ng h?c t?p khá tho?i mái, tuy nhiên v?n ?? ???ng truy?n khi?n vi?c h?c ch?a ???c hi?u qu?",
không,
khong co,
không có,
Khó cho Hs ti?p nh?n t?p trung,
không có,
không có,
khó ti?p c?n bài h?n so v?i h?c tr?c ti?p,
Khonyo,
"Th?y d?y nhi?t tình, d? hi?u",
Bình Th??ng,
Không có ý ki?n,
không có,
Không,
T?t,
Ok,
không có,
Không có,
??,
ko,
th?y cho làm bài ki?m tra th?i gian g?p rút quá ?,
khong,
Không,
Không,
không có,
không,
h,
Không,
không có,
K có,
hài lòng,
Không,
"an toàn,d? ti?p thu môn h?c h?n h?c tr?c ti?p ,k?t qu? h?c t?p t?t h?n",
không có ,
 kh có,
không có,
Kh có,
Không coa,
không có ý ki?n ,
Không,
không,
Không ý ki?n ?,
D? hi?u,
khong,
Không ,
Khomg,
Không,
ko có,
Không có,
Không,
không,
không có,
Không có,
Khong,
Không,
qu?n lý th?i gian,
không,
Ok,
Giúp n?m rõ bài h?n,
Không,
Ko,
Không có,
không có,
không có ý ki?n,
Em không có ý ki?n,
.,
.,
Không,
Không có,
Không,
ok,
Không,
khó ti?p thu v?i nh?ng môn khó,
.,
không có ý ki?n,
Khó ti?p thu bài h?n ? l?p,
 ko,
H?c ? l?p d? ti?p thu h?n,
Không c?,
không có,
em không có ý ki?n,
không có,
"?u ?i?m: tho?i mái, nh??c ?i?m: không n?m h?t ki?n th?c",
Không có,
Ko,
Không có,
Không,
Không có,
Không có ? ,
Không,
Không có,
0 co,
Không có ,
Hi?u qu? h?n h?c t?i l?p thay vì ??n l?p ? nhà h?c cho ti?n ?? t?n ti?n grab ho?c x?ng ch? t?n ti?n ?i?n ,
Không,
Không có ,
không có ý ki?n gì,
Không có ,
Không có,
không có,
Không,
không có ý ki?n ,
không có,
Không có,
Không có,
không ,
Không,
không ?,
Không ý ki?n,
H?c tr?c ti?p v?n d? ti?p thu hi?u qu? h?n,
Không,
không có,
không có ý ki?n gì,
không,
Không,
Không,
good,
Không ,
mong nhà tr??ng s?m cho ?i h?c tr?c ti?p,
Không,
S?a bài t?p v? nhà khá m?t th?i gian h?n,
.,
Ko,
Th?i gian,
Không có,
t?t,
k có ,
so v?i h?c t?i l?p thi h?c tr?c tuy?n còn là m?t ph?n khó kh?n ??i v?i sinh viên,
không có,
.,
Không có,
khó ti?p thu,
không,
không ,
Không có ý ki?n,
h?c tr?c ti?p v?n t?t nh?t,
không,
Không có ý ki?n gì thêm,
Không có,
K có,
Không có,
không có,
Không có,
H? tr? phí internet,
không có,
không có ý ki?n,
không ý ki?n,
không có ?óng góp khác,
Ko,
?u ?i?m là ?? t?n th?i gian ?? di chuy?n c? s? h?c,
Không n?m ???c ki?n th?c nh? h?c tr?c ti?p,
Khác,
Không,
Không,
không,
?n l?m ?,
không,
không có,
K?t qu? t?t ,
Không,
Em không có ý ki?n gì thêm ? ,
không co?,
Không có,
tô?t,
Không ,
Không ý ki?n,
Khó ti?p thu h?n h?c tr?c ti?p,
Không,
không,
no cmt,
Khg có,
Không có,
em không có ý ki?n cho vi?c h?c online,
không có ý ki?n,
t?t,
không,
nên h?c off,
D? không có,
không,
"d? h?c t?p, có th?i gian h?p lý, d? m?t trung làm ch?a hi?u h?t v? môn h?c",
D? không ?,
không có,
không có ý ki?n ,
không,
"H?c online s? tho?i mái h?n v? không gian c?ng nh? th?i gian, nh??c ?i?m là t??ng tác v?i giao viên b? h?n ch? h?n ? trên l?p, k?t qu? thì v?n nh? nhau thôi ? vì ??i h?c là ph? thu?c vào ý th?c h?c c?a m?i ng??i ?!!",
d? không ?,
không có,
Không ,
không có,
khong co ,
không có,
Không,
không có,
Không có,
Không có ?,
không có,
Không có ?,
.,
Không có,
em không có ý ki?n gì thêm,
Không có ?,
không có ý ki?n,
Không có ,
không có,
không,
Không có ý ki?n,
Không,
Không,
"Thu?n ti?n và g?n g?i v?i gia ?ình, khó h?i bài và không g?p tr?c ti?p gi?ng viên và các b?n trong l?p ",
.,
D? hi?u bài,
không,
Không,
Có,
Không có,
T?t c? ??u t?t,
ko,
d? ko ? ,
Khó hieue,
Không,
K?t qu? d?a trên tinh th?n t? h?c,
 Không hi?u rõ bài ti?p thu không k?p ,
D? v ? ,
"?u ?i?m: không ph?i d?y s?m, di chuy?n d? h?n    Nh??c ?i?m: khó ti?p thu bài     K?t qu? so v?i h?c tr?c ti?p t?i l?p: kém ch?t l??ng h?n",
"?u ?i?m: Áp l?c gi?m b?t, bài gi?ng t?t. Nh??c ?i?m: Tr?c tr?c v? m?ng.",
Không có ?,
Không có,
Không có ý ki?n,
Ko,
Không,
Không ,
T?m ?n,
không,
R?t ?n,
-Không có ?.,
Ko có,
Không,
H?c online ti?p thu t?t h?n ,
Không có,
Không có ý ki?n,
không,
không,
không có,
không,
không có,
không có,
không,
Không ,
No comment,
nh??c ?i?m ???ng truy?n kém,
Không,
"Cho em h?c onl ti?p ?i , em cám ?n",
"Không ti?p thu ???c h?t n?i dung c?a bài h?c, ít áp l?c h?n, k?t qu? h?c t?p cao h?n so v?i h?c tr?c ti?p nh?ng vi?c h?c tr?c ti?p có v? s? t?t cho b?n thân h?n.",
Không,
không,
em kh có ý ki?n ?,
"?u ?i?m: kh? n?ng gi?m thi?u chi phí ?i l?i, ti?t ki?m ???c th?i gian và không gian h?c t?p... Nh??c ?i?m: Môi tr??ng h?c không kích thích ???c s? ch? ??ng và sáng t?o c?a h?c viên...  K?t qu? so v?i h?c tr?c ti?p t?i l?p: k?t qu? cao h?n h?c tr?c ti?p",
không có,
không có,
Không có ý ki?n,
không,
không,
K có,
Không có ý ki?n ?,
D? xem l?i,
Không có ,
Không ý ki?n ,
Không có,
Không,
Không có ý ki?n,
Không,
Không có,
H?c onl d? hi?u k?t qu? cao c?ng d? h?n h?c tr?c ti?p t?i l?p,
Không,
Không có,
T?t,
"?u ?i?m c?a vi?c online là tránh ti?p xúc trong khi d?ch b?nh hoành hành song vi?c h?c online c?ng là nh??c ?i?m ??i v?i nh?ng h?c sinh,sinh viên theo ch?m bài h?c, hay r?t rè. Hi v?ng vi?c h?c tr?c ti?p s? hi?u qu? h?n.",
?u ?i?m: tránh ti?p xúc v?i nhi?u ng??i. Nh??c ?i?m: m?ng y?u. Hi v?ng h?c tr?c ti?p s? thu?n l?i h?n,
Giáo viên r?t nhi?t tình ,
D? ko,
Khong,
em không có ý ki?n,
không,
Không có ,
Không,
Không,
Không,
H?c ?úng gi? nh?ng m?ng hay lag,
không có ?,
D? k,
"M?u ?i?m : h?n ch? ti?p xúc m?i ng??i trong quá trình d?ch b?nh, không m?t nhi?u th?i gian khi t?i l?p, Nh??c ?i?m : ?ôi khi tình tr?ng m?ng không ?n ??nh d?n t?i nh?ng tr?c ch?t trong quá trình h?c , K?t qu? : theo em ?i?m s? c?i thi?n so v?i h?c tr?c ti?p",
không,
Ti?t ki?m th?i gian ?i ??n tr??ng,
không ,
không có,
Không có,
t?t,
ti?t ki?m th?i gian ?i ??n tr??ng,
ko có,
Không,
"Gi?ng viên h?i khó tính, sv không hi?u h?i bài thì th?y la, khi vào tr? có m?t s? b?n vào tr? nói th?y bi?t mà th?y v?n khó ch?u. ?u ?i?m thì th?y ch? t? m? cung c?p ?? c??ng ?a d?ng",
Không có,
Không có,
Ti?p thu t?t ,
.,
"H?c ?? áp l?c, nh?ng h?i khó hi?u",
không có gì,
không có,
nh??c ?i?m m?ng không ?n ??nh,
Em không có ý ki?n.,
Hi?u bài,
không có,
hài lòng,
?i?m danh th??ng xuyên,
không có ý kii?n,
không,
H?c tr?c ti?p t?i l?p s? n?m b?t bài h?n,
kh,
"K có ?u, nh??c máy lag",
Gi?ng viên quan tâm ??n sinh viên các b?n h?c t?p tích c?c ,
Không có ,
R?t t?t t?p trung h?n r?t ti?n b? dù h?c online nh?ng r?t d? hi?u và ti?p thu t?t,
ti?t ki?m th?i gian ?i ??n tr??ng,
Không có,
"Th?y d? th??ng, nhi?t tình v?i sinh viên",
Không gì,
không có,
Không có,
em không có ý ki?n gì ?,
Không,
"Th?y gi?ng d?y nhi?t tình d? hi?u, nh?ng dù sao h?c tr?c tuy?n c?ng khó hi?u h?n so v?i tr?c ti?p",
không có ý ki?n ?,
Không,
Không,
Giúp mình thông hi?u v? ma tr?n,
Không,
Không có,
???c h?c t?i nhà nh?ng k có c? h?i giao l?u nhi?u v?i b?n bè,
không có,
no more,
Không ? ,
Không ,
Ko có,
H?c t?p t?t giáo viên gi?ng d?y nhi?t tình,
d? không có ý ki?n ?,
không,
Không,
không,
T?t,
không có ý ki?n,
Không ?,
không ý ki?n,
Không,
"Mang lag, h?i khó hi?u",
Không,
 t?t,
Không có,
H?c trên tr??ng hi?u qu? h?n ,
Không có ý ki?n khác ,
kho? t??ng ta?c,
Ko,
không,
khong,
không ,
"Vô l?p ?úng gi? h?n, ?i?m cao h?n h?c off",
Không có thêm ý ki?n ,
Ko có,
Không,
k?t qu? h?c t?p t?t,
không có ý ki?n,
?u ?i?m: h?c ???c m?i lúc m?i n?i Nh??c ?i?m: m?ng y?u,
Thu?n l?i vi?c ch?ng d?ch b?o v? s?c kh?e ,
Không,
Không,
tr?c ti?p vui h?n,
Không,
kfyult,
không có ý ki?n ?óng góp khác,
C?n ??a h?c online thành 1 tùy ch?n cho các sinh viên có nhu c?u,
d? hi?u và ti?p thu ???c nhi?u h?n so v?i h?c tr?c ti?p,
Không,
Không,
Không,
Không có,
Â,
internet th??ng không ?n ??nh gây ?nh h??ng ??n vi?c h?c t?p và ki?m tra,
Không,
"?u ?iê?m: ?i ho?c ?u?ng gi??, hiê?u biê?t thêm vê? ca?c phâ?n mê?m va? s?? du?ng nhiê?u công cu? tin ho?c v?n pho?ng & Nh???c ?iê?m: Internet co? khi không ô?n ?i?nh, mo?i m??t.",
Không ,
Không,
không,
Không có,
H?c khá là d? hi?u ,
. ,
Không có,
không có ý ki?n,
Không có,
k có gì,
Không có,
Không ,
A,
?u ?i?m là th?nh th?i h?n Nh??c ?i?m là khó hi?u bài ,
không,
Không,
Không có,
v?n mu?n h?c online ,
không có ,
không có,
K,
...,
không có,
"?u ?i?m s?p x?p ?úng th?i gian vô ?úng gi? h?c, nh??c ?i?m thi?u tài li?u , k?t qu? c?ng gi?ng v?i h?c tr?c ti?p ",
"r?t mong cô d?y ?úng h h?n nhi?t tình h?n d? hi?u h?n trao ??i v?i nhân viên nhi?u h?n, cô h?i khó chi?u khi sv h?i ?áp",
không,
Không có,
không có,
khong co,
Không có,
không có,
Không có ý ki?n gì h?n,
Không có ,
.,
Không có,
Không,
Không,
ko,
không có,
Không,
không,
Kh có ?? c??ng,
em ngh? nên h?c b?ng nhi?u ph?n m?m khsc nhau không ch? là gg meet. em c?ng mong gv có th? nhi?t tình h?n n?a vì h?c online nhi?u lúc khopgn th? nghe ho?c hi?u toàn b? bài ???c. d? em c?m ?n,
Khác ,
K có,
KO,
Không,
khong,
Không có,
Không có ý ki?n,
Không,
Không có ý ki?n,
Không có gì ?? nh?n xét thêm,
không có,
hb,
SV không có ý ki?n gì,
"Khó ho?t ??ng nhóm , d? ho?t ??ng nhóm và trao ??i",
Không có,
không ? ,
không có ?,
không có,
Không có,
mong tr??ng cung c?p ?? nhi?u h?n,
không có ý ki?n,
Không,
Không,
không có ý ki?n,
ko,
?u ?i?m: khá tho?i mái v? không gian h?c t?p. nh??c ?i?m: d? m?t t?p trung trong quá trình h?c,
D? không,
100?,
không,
"giáo viên gi?ng chi ti?t,hi?u bài,giáo viên thân thi?n,g?p v?n ?? m?ng",
không có,
không có ý ki?n khác,
Giúp b? m? gi?m b?t chi phí khi h?c onl c?ng nh? tình hình d?ch b?nh còn khó kh?n,
không,
Có video record t?t c? các bu?i h?c,
Không có,
Không ý ki?n ,
không có,
không,
Không,
Khong có,
không,
không ý ki?n,
không có,
"?u ?i?m: nâng cao ý th?c h?c t?p c?a sinh viên/ nh??c ?i?m: d? b? m?t t?p trung, sao nhãng",
nâng cao kh? n?ng t?p trung ,
ko,
Không có,
.,
Tho?i mái nh?ng khó ti?p thu,
không,
???ng truy?n không ?n ??nh (?ôi khi),
khg,
Không có,
không có,
không có,
"?u ?i?m ti?t ki?m dc th?i gian, khuy?t ?i?m khong hi?u rõ dc bài",
không có ?óng góp gì khác,
Không có,
..,
Không ???c lên tr??ng h?c và tr?i nghi?m ,
T?t ,
Không có,
"không thích cách th?y cho ?i?m, quá g?t ",
Không có ?,
không có,
K có,
Ko có,
T?t ,
h?c t?t h?n so v?i trên l?p,
 k?t qu? so v?i h?c tr?c ti?p t?i l?p t?t h?n,
Ko ý ki?n,
ko có,
Không hi?u,
Không có,
Không có ,
c?n ki?m tra nhi?u h?n ?? kích thích vi?c làm bài t?p,
?u ?i?m : sinh viên h?c ??y ??   Nh??c : khó ti?p thu ???c bài,
Không có,
Không có ý ki?n,
Không,
Ko,
Không có,
"ti?t ki?m th?i gian di chuy?n, nh?ng m?c ?? n?m ki?n th?c không ch?c",
Không b?ng h?c ? l?p ?!!!,
không có ý ki?n ,
em mu?n h?c off,
không,
Không có,
B,
không có,
không ,
Không ,
Không,
Không,
khong,
Không có,
Không có,
không có,
Không có,
Ti?t ki?m ???c th?i gian cho sinh viên ,
không có,
Không có,
không,
Không có ý ki?n,
không có ý ki?n gì thêm,
Không có ? ,
Không có,
"D? dàng, k?t n?i m?ng không t?t,",
Không có,
k,
không có ,
Nên thêm trò ch?i vào trong lúc h?c.,
t?m,
"D? hi?u h?n trên l?p,không ?n ào",
